-0.002575162217522 -0.001595449835573 0.020829179727761 0.025854365701562 -0.002147758342702 -0.002275893974045 -0.000000003114322 0.013066899176845 0.000847131918845 0.058276704330505 0.121467613443027 0.194012367259235 0.179417076008231 0.090569288340872 0.044399793048173 -0.009948541370731 -0.040779884948807 -0.063159978306249 0.001752358966931 0.005326705437824 0.009247435045544 0.011150381790750 0.006340770735194 0.003205403572966 0.002164671027177 -0.001690007834822 -0.003352927014573 -0.001973976095055 0.004309637875019 -0.008070149723544 -0.005063830984058 -0.006438743321656 -0.006630633372446 -0.006474658064826 0.034336059348912 -0.038579849109328 0.066958151974818 0.015138247545911 0.040895530315515 0.009053781864808 -0.002949356464636 0.054698756375607 0.118369006457042 0.192819016219424 0.183031434781117 0.093434754746203 0.047059276063992 -0.011014575372938 -0.038371393044134 -0.071629724949117 0.003154857058526 0.005773531358911 0.010044827179415 0.010941967688808 0.006011880421705 0.002968305378792 0.002070520247139 -0.002264253657837 -0.002190447406738 -0.003378903214251 0.005955015848962 -0.008470093153420 -0.007043306779724 -0.009251314745961 -0.011045359769283 -0.009109735125847 -0.145085425520911 0.563231953140373 -0.170484778884990 0.057522494970309 -0.015044342052552 0.009493900669212 -0.047179120880773 0.001095416037284 -0.009278292470213 -0.003178502986999 -0.002581868758304 0.002255127765628 -0.014774363099990 0.015276408179908 0.000222156056630 0.002315757897634 0.002867441892347 0.001245450555165 -0.024817633207186 0.023580579768742 0.003015476664381 0.005057708615958 0.005657100210866 0.002037760255896 -0.037624722241207 0.017095321778605 -0.007037937589330 -0.001028806390281 -0.003252764743144 -0.003519109317850 -0.046598123955351 0.024484391454096 -0.010368217890257 0.000230377788980 -0.003374487968946 -0.004123631102562 -0.026176747346313 0.032980533062014 0.003290738521857 0.010240819799077 0.009473292366738 0.004310918210811 -0.010660046143463 0.018874066854455 0.004488934092408 0.006657992872337 0.008976445579115 -0.000346330592739 -0.002842236255195 -0.016257242405112 -0.005669783255057 -0.006880612900027 -0.005363684517611 -0.006754729880665 0.006783044550604 -0.045305969975379 -0.008886660565968 -0.014921225019274 -0.014733590660815 -0.006840637004398 -0.017281753588711 -0.008392943967581 -0.026406845999621 -0.014411132530770 -0.020823770182705 -0.001293422921932 -0.042947270039818 -0.000492595483418 -0.007913537167519 -0.002168121051572 -0.000704493875708 0.003407445107714 -0.014714560169001 0.014990980239308 -0.000109717539720 0.001715873634752 0.002202191254954 0.000603226880852 -0.022603167575597 0.022688707787507 0.003606189933882 0.005297040571478 0.006176376529922 0.002040233506314 -0.037711670018739 0.016955068847279 -0.007424747334376 -0.001402824641426 -0.003777799235023 -0.003898754531247 -0.047389210076859 0.025079073155670 -0.010224166017005 0.000636487001366 -0.003012735309998 -0.003668909891302 -0.027740583236250 0.033396987588537 0.003038349331319 0.010367454324910 0.009519972752192 0.004442627436022 -0.010789247517142 0.019781679274456 0.004132084998814 0.006413158408136 0.008520489992515 -0.000748407510811 -0.003829695207783 -0.018100007718992 -0.005581808604221 -0.006952085820736 -0.005542117908480 -0.006541649717633 0.007093259278856 -0.039142825183744 -0.011494981664097 -0.015557021427499 -0.016178761812501 -0.006807282028436 -0.009577882650870 -0.046113806505882 -0.008453105690183 -0.012782501156527 -0.012625972208231 0.000237793531401 
-0.006840583755453 0.000083183958809 -0.037153476552112 -0.046904774371722 0.000051097924852 0.000475523481345 0.000758664799610 -0.002522484755890 -0.026407247398269 -0.053923369466792 -0.052419070758397 -0.034352199240594 0.033135371223028 0.125168599310592 0.158108860628604 0.169194946145790 0.134350155450564 0.103293393852374 0.000329815027901 -0.000834101011594 -0.002282305958476 -0.003346866907843 -0.001586115920921 0.000367502412042 0.000665003011055 0.000754896242899 0.000650222061200 0.000133946044060 0.001865941935220 0.001854119266195 0.001041073804233 0.001225742976157 0.000767735516992 0.002124467004169 0.007043383857611 0.001051353635354 -0.005174659226639 -0.004313851965892 -0.015915801762639 0.007497730991385 -0.023853670597990 -0.051653901950920 -0.052058704728455 -0.034676227312099 0.031278692541205 0.126341227637256 0.160704703970312 0.176435789431562 0.136517940646075 0.115457856843476 0.000042867766099 -0.000961795621188 -0.002560810680911 -0.003294003605246 -0.001428203108666 0.000463852728570 0.000576990393211 0.000828851607123 0.000299540541788 0.000645068693548 -0.000017852169546 0.002512368623880 0.001276615411743 0.001502918105476 0.002324957900939 0.002016677937329 0.012185245206915 -0.020871644289122 0.004872407179999 -0.000872377360895 -0.000076181173506 0.004492822680616 0.005883697609268 -0.000927436527068 0.001888171758610 -0.000282668720639 0.001449216660094 -0.001646598999821 0.008287547516876 -0.004298700490015 0.000809977693803 -0.001875881223786 -0.002595287411944 0.001815368587720 0.006573758799294 -0.004457445041821 0.000684565208182 -0.002577079086809 -0.002170223999204 0.002206768296690 0.003014302031311 -0.000983926795564 0.001959983234111 0.000357154648467 0.000194119294271 0.002535049945554 -0.013973922007594 0.006598734590041 -0.001320085518420 0.003135351966190 0.000600483220350 0.001550378178393 -0.046533487810456 0.015702117542657 -0.008079649362138 0.001063274067957 -0.000688266283478 -0.000409912777878 -0.064636827371847 0.022196277607978 -0.008932904191518 -0.000453452595152 -0.001817497258719 0.000748243963708 -0.064256588292743 0.025054092090217 -0.007297328691047 0.001780701842465 0.000370020167299 0.000081972541736 -0.046716973136140 0.020068195854163 -0.004634773446377 0.002826650940277 0.002185564052480 -0.001039386861544 -0.030165884180483 0.014047913127396 -0.001889754636089 0.004444738082983 0.007495146191857 -0.004348198533235 0.004791743866166 -0.000432648462911 0.001558880050087 -0.000356238704596 0.000671899814682 -0.001564898755080 0.007706368258991 -0.004027292839995 0.000802224622969 -0.001806553568952 -0.002341862261134 0.001948885474257 0.006396748428172 -0.004384668263806 0.000628372215611 -0.002613761704588 -0.002353301329793 0.002331973449378 0.003347196019846 -0.001118943033464 0.002056760986615 0.000450692978195 0.000390897350095 0.002504241392932 -0.013265881285585 0.006266976708172 -0.001276030555040 0.003049369014574 0.000548463660193 0.001450438348984 -0.046732442747019 0.015791732702316 -0.008125720976870 0.001013368681198 -0.000702612413211 -0.000451770718634 -0.065935149658792 0.022685820663041 -0.009061321924457 -0.000355521814452 -0.001796648844293 0.000810938966254 -0.066680162717154 0.026222423395191 -0.007678533716989 0.001956748853083 0.000221594795079 0.000066702930175 -0.048482416783023 0.020601068089940 -0.004731319166664 0.003175198231744 0.002959013500276 -0.001263801738961 -0.033741501812934 0.017014459783653 -0.003329566360452 0.003626782873006 0.004202909135790 -0.003372063271709 
-0.010829744832831 0.025965656440977 0.037736194150601 0.048197181047423 0.000054764031080 -0.001342430634929 0.004224671251462 0.020824649593244 -0.197195670561862 -0.192019024168901 -0.133413588190959 -0.011884441810858 0.085115061734518 0.057386723772665 0.007818128060155 -0.049028374139531 -0.091859282468899 -0.111765918617532 -0.001347625086084 0.001721635406796 0.004976365937036 0.007223443231802 0.004200988911091 0.001165847906633 0.000244175605593 -0.004078546594893 -0.007203353425932 -0.004116197786183 0.010866146846636 -0.009662926858010 -0.003472170798068 -0.002930329043618 -0.001512487598014 -0.005759207442845 0.025538161884104 -0.016345894133173 0.046934795177295 0.021548634387162 0.044917628855339 -0.004115075880237 -0.181882531083723 -0.189329655808762 -0.132628504402231 -0.014455366273905 0.085492370175647 0.059169263876961 0.010000310560410 -0.051733073454897 -0.090189101482518 -0.124600003183654 -0.000624657661992 0.001997076168922 0.005614389213307 0.007105537990024 0.003990606751371 0.000901772990885 0.000299516122664 -0.004704206798074 -0.005679083920771 -0.004960635068402 -0.005188866995986 -0.002090918621878 -0.007686791328805 -0.001500736108425 -0.006165973734272 -0.005726392339958 -0.083741370710814 0.342325857990510 -0.100790648249525 0.030106811914883 -0.008573594501582 0.004535924990096 0.055151252640122 -0.033373762545667 0.007227655028005 -0.001820180966547 -0.003858432352327 0.003618255743627 0.099989837267201 -0.041115266712764 0.019429914878028 -0.009600064697838 0.008105693781367 -0.000361355697536 0.092837612485457 -0.041723050816178 0.022149481141664 -0.008101063967331 0.007284949619427 0.003830342833813 0.052073739895185 -0.032353021876432 0.012418096101912 -0.012152236870019 -0.002185386549990 0.004274184979329 -0.011615511536649 0.006301625818726 -0.005898170627572 -0.002631427447696 -0.007017701014839 0.007564148330940 -0.033188156881487 0.030914338944819 -0.013092641948581 0.013402876571653 -0.003908750758142 0.014060750616485 -0.029877601548875 0.021587083820476 -0.013809410876346 0.016641930554330 -0.003457779940761 0.006627433092563 -0.020724516328529 -0.003713880644886 -0.017730006703801 0.003442692161978 -0.009947470172832 -0.001473926430927 0.002596279688439 -0.028943149544061 -0.014684460562789 -0.008340936689321 -0.011683028593240 -0.004450718505686 -0.005526114162819 -0.006106083639501 -0.019186682272483 -0.015748793356463 -0.022866101969952 0.004131032054470 0.050132043887082 -0.031100752676974 0.007349132258990 -0.001967404012904 -0.002131076364714 0.003906079814613 0.097146291171155 -0.039902080760302 0.018693112840231 -0.009394191767567 0.007342148512749 -0.000383358193000 0.092921297449171 -0.041782343095408 0.022532967416349 -0.008287749271941 0.007725527966824 0.003835712332918 0.052517656693779 -0.032585828327317 0.012191443730972 -0.012261499245068 -0.002692059672128 0.004267411963673 -0.011135152694333 0.006226667946677 -0.005713207032594 -0.002408335792858 -0.006764522323642 0.007840906725800 -0.034430097380014 0.031370452252653 -0.013464915740086 0.013721659129413 -0.003884438729597 0.014021096444611 -0.030341651249459 0.022181019238851 -0.013891494965325 0.016362477762239 -0.003646540575701 0.006074906317365 -0.021962492171566 -0.004550692733206 -0.017761904870971 0.003363824271150 -0.009601798056057 -0.001639049474850 0.003303891123761 -0.025724932428020 -0.015848154690120 -0.009811279349519 -0.013575097984026 -0.003977034473637 -0.000444673084874 -0.028801210793575 -0.007667079477864 -0.011389112490239 -0.013847580872785 0.003145409508699 
0.008284732460943 -0.001125494192845 -0.000376586210494 -0.000086819026235 0.001359989974035 0.001070258844301 0.002894499724083 0.014233782594923 0.037855217001095 0.022412667164096 0.003407660310513 -0.018930523652585 -0.017698807959056 -0.003510532621013 0.016819383151879 0.019817183572800 0.017910929102682 -0.002190509752885 -0.001489341804642 -0.002494514941857 -0.001971734303717 -0.001122998588102 0.001154770631529 0.001220332148458 0.000976273239890 -0.000114501358717 -0.002528758150234 -0.003275944595999 -0.009744369379204 0.005522694746838 -0.007234259753456 0.007839136980154 -0.000951242628326 -0.001440479995568 0.119969285051287 -0.046643537877001 0.035232259881403 0.001548455216419 -0.016934264765179 0.005965436062942 0.036998810763059 0.021998545790841 0.003993119363872 -0.018828085857233 -0.017945414982115 -0.004142804277684 0.017115726568201 0.020186151138640 0.019320201937292 -0.002559278466391 -0.002131218037052 -0.002484180332526 -0.001999999942418 -0.000975520207412 0.001282289954089 0.001082083571355 0.001048379886517 -0.000538604200271 -0.001982542928732 -0.004004833219454 -0.025068564115134 0.012357967922562 -0.008972876521442 0.007752934447645 -0.000855960825833 0.000577896410556 0.093549329558208 -0.047380173535988 0.005952893383787 -0.000903257224979 0.005681392471526 -0.008139846829111 0.126312805279278 -0.047860066587025 0.027762982437486 -0.016623949393900 0.003923617200653 0.002689759048999 0.218976494233548 -0.099662233595926 0.045023123384300 -0.017392001407641 0.001597604276242 0.000603128773267 0.218857377759224 -0.096537026153923 0.037642627523900 -0.008788778705260 -0.000707523957231 -0.000765075039636 0.157455621300842 -0.065871150794911 0.023425743289890 -0.000901077392509 -0.001805241759470 -0.002373908347300 -0.019889230167922 0.019721601040680 -0.009881840973758 0.008336365101753 0.002574505777085 -0.001336577931172 -0.216265818959586 0.106876643041883 -0.046116558289697 0.017611463750786 0.006631870212503 0.001330855799516 -0.276613819530320 0.126986594915053 -0.043121582941276 0.013697491975049 0.004356776118459 0.005256062149977 -0.283706986756280 0.126272304132850 -0.037217278563907 0.007973165648721 0.004502665731210 0.004687024135669 -0.213638931814137 0.093919476745006 -0.026119585512209 0.003177876578996 0.004310967920799 0.002696368319869 -0.147525969710512 0.067771093105325 -0.029205510692576 0.001700718509906 0.006326277095754 -0.001942309853344 0.122343661056482 -0.046425218896089 0.027458662987590 -0.016465102589251 0.003333713536131 0.002421697179764 0.213854826776787 -0.097296440458474 0.044411477900650 -0.017346889395420 0.001787189223519 0.000823270845003 0.217033331628279 -0.095810394981469 0.037480369655778 -0.008563018674493 -0.000922267153440 -0.001017899376028 0.155523975189746 -0.064931199984038 0.023141310938520 -0.000915698178054 -0.001575967462842 -0.002340094403323 -0.018981089987167 0.019309262855355 -0.009840412365054 0.008338986713918 0.002756653165343 -0.001365971987572 -0.218701875084336 0.108051205899975 -0.046624234472572 0.017731538199812 0.006558543222837 0.001550660831305 -0.279182211148277 0.128027957011455 -0.043260458384855 0.013711108044577 0.004126183101996 0.005180338954409 -0.294009141345079 0.130990380633139 -0.038820617814066 0.008582002522300 0.003848301511478 0.004770534368909 -0.211388548016856 0.092890185348097 -0.026552160777163 0.002874079891836 0.005286515228013 0.001691873097005 -0.165212377025041 0.075891999186937 -0.028066626575897 0.003779652930448 0.001359677397781 0.000237925317160 
-0.001573415713053 0.001140755926026 0.000992267865350 0.001262858073651 -0.000346336265844 -0.000248056424441 0.002223971123336 0.007361411935833 -0.012404996805630 0.004114116479484 0.011866823776358 0.015303255464697 0.011817066634058 0.007499226403411 -0.003463904070022 -0.006200437266950 -0.002211416749591 -0.002849449139639 0.000358971728101 0.003295961418760 0.003095358602974 0.002172208926159 0.000233042390388 -0.002677544933905 -0.003747081702069 -0.002880245431816 -0.001528173054729 -0.001821586751807 0.026350498713163 -0.013764374835583 0.006440624905096 0.004360036668362 -0.000683529885209 0.002751666922371 0.045078110976671 -0.019598966803479 -0.002966258315389 0.034387680284428 -0.017342003623288 0.026337175696827 -0.012528699520155 0.003568078770461 0.011624548737275 0.015288919356470 0.012015907590136 0.007801510690140 -0.003338506915199 -0.006492781932225 -0.002276316819444 -0.003080743285886 0.000980852941633 0.003557115090021 0.003102981271913 0.002072792885799 0.000043969196507 -0.002795251080842 -0.003565918490681 -0.002638240713320 -0.001216328004557 -0.001965848089207 0.039239970751575 -0.019673632894174 0.009756755382450 0.003589925701874 -0.002479061908504 0.004881418464210 0.085338762258436 -0.186893585594746 0.061428027459274 -0.022875472502794 0.007109387147295 -0.000013726153233 -0.159875383468810 0.078945699900255 -0.021475881951885 0.001447095375348 -0.003346247614273 0.000331133945225 -0.247709054500413 0.123778340092571 -0.051326591063569 0.015938924475119 -0.002818609312075 -0.003518532015159 -0.290024740136987 0.155888045197009 -0.062101118366174 0.023974288013670 -0.009037303506044 0.000603314322776 -0.283034085052016 0.151659666298738 -0.061484152038083 0.021457779209444 -0.009773758622559 0.001287018749809 -0.233003731492660 0.114691691832648 -0.046231994818180 0.011392621300498 -0.008406886341674 0.002073686330888 -0.196837322287315 0.093377723613670 -0.035164104194014 0.007531229605473 -0.011305816315905 0.004404944470239 -0.169080191563920 0.067606585814559 -0.025166840497994 0.008680197573161 -0.014770450455609 0.009528271034761 -0.138291218638690 0.052670775897874 -0.017859284506759 0.001180532434342 -0.006186764874851 0.003883128633756 -0.110026943853550 0.053339182353685 -0.016348814251673 -0.002024974286556 0.002356391252451 -0.002560246355677 -0.057042920451506 0.036640097460768 -0.006492656397760 -0.016909631901414 0.008122926919136 -0.011412180013276 -0.151178396085880 0.074895944625058 -0.020913483657563 0.001007710727708 -0.002077169331642 -0.001272338918665 -0.243941795268263 0.122090006583336 -0.050706397402399 0.015950987428971 -0.003253876393683 -0.003090659080695 -0.286811155389820 0.154458328220469 -0.062095167268986 0.024173959187558 -0.008993781322896 0.000480671991879 -0.282542539895016 0.151417426399754 -0.061417571926776 0.021354740227793 -0.009925810272671 0.001433723433021 -0.234078500947390 0.115121298995787 -0.046532832378583 0.011527892708535 -0.008517890964167 0.002142232436609 -0.199309427851656 0.094611947026385 -0.035519242858783 0.007754139352055 -0.011521030050570 0.004629258430547 -0.171592453394956 0.068385796276864 -0.025487532303453 0.008747917601726 -0.014641151787631 0.009347899782712 -0.142218217910224 0.054979389611819 -0.018556242785893 0.001582867216885 -0.005881243961247 0.003741572486787 -0.111180905062158 0.051917894352112 -0.015599783665569 -0.003933652109324 0.003337583293708 -0.004233078785543 -0.064388121259018 0.050002245748819 -0.012488505575891 -0.007821749851726 0.003988212759915 -0.006044578527143 
-0.005863187786048 -0.005261241257103 -0.020727850412747 -0.027141236798743 -0.001515665301108 -0.001596910826318 0.001566181101152 0.007364606523945 0.009297360374822 -0.003160976797738 0.001862179283724 0.006156790191946 -0.029919092398991 -0.040749076815248 -0.022558009791223 0.009559437337478 0.026997584792807 0.063246866679053 0.001238081955821 0.004005123695332 0.005865074739130 0.007156553786616 0.002871201234649 -0.002037045790293 -0.003737952898863 -0.005662605970103 -0.005369949316455 -0.000950070283993 0.045854223812865 -0.036189107760134 0.009038071027999 -0.003665564746838 0.001784571970002 -0.007059655295510 0.250947468056479 -0.197721935766680 0.108107810696224 -0.029726657350208 0.079755927282308 -0.013073560365866 0.007945158811342 -0.002072346339078 0.001115360861422 0.006741076333230 -0.029790828634504 -0.041270554840442 -0.024313411488109 0.010632399638713 0.025077921093613 0.069606305630803 0.002333289845991 0.004224224149142 0.006374970071286 0.006993002069531 0.002495235606491 -0.002270617515546 -0.003600860523133 -0.005622813661315 -0.004296259807768 -0.001012488780977 0.065859781777976 -0.046051156015174 0.011257302816817 -0.004714352628664 -0.002648226359990 -0.004177236499500 0.159672042989178 -0.069735977464055 0.032928987159676 -0.008219616365608 -0.005723857278595 0.007724211274717 -0.280253550290110 0.137490354265496 -0.047228450187813 0.012508956799386 -0.010780665833258 0.010708411183934 -0.230923743280398 0.164225319335449 -0.051196542154896 0.021929560402979 0.000865545893065 0.007016643815690 -0.095852698267533 0.109991595816371 -0.037813945384588 0.034952657045778 -0.006979978380849 0.006618833564730 0.119918322465334 -0.011432239008213 -0.007364756791426 0.029136422996141 -0.015465763029623 0.001498692649567 0.332380212403021 -0.136486088388621 0.030398381715574 0.003656668716964 -0.012574128019311 0.005969263407844 0.236719812246236 -0.075090690947003 0.012361666109689 -0.001570116779199 -0.006023696733042 0.013847516824242 0.025097777955354 0.008666494796481 -0.014593719680142 -0.004982743782518 0.010608345819608 0.004501559041370 -0.157463330738660 0.082147113778956 -0.046428430570162 0.000654122127676 0.000742497429707 0.000932280749185 -0.261624050045738 0.132351475532729 -0.065045500554913 0.010377498091328 -0.012324077352501 0.002612093098642 -0.296494916137530 0.148134126778174 -0.071114962809380 0.019232221598473 -0.042746982493891 0.007481164049328 -0.267198445080309 0.131307835577594 -0.044956070382119 0.011987571469759 -0.008263140273893 0.010077438686849 -0.230910945741064 0.163901952239511 -0.051620804063815 0.022294685732448 -0.000295644526231 0.007631584838565 -0.091444660809950 0.107864872642390 -0.037177045833098 0.035293915914615 -0.006512698701318 0.005964823453984 0.118990309855490 -0.011201665191961 -0.007652702491733 0.029065051018465 -0.016258758255104 0.001788199752066 0.334940618459582 -0.137684653032681 0.031097786582008 0.003181844037887 -0.012195248100657 0.006220783595209 0.238004052216015 -0.075502667174117 0.012502093040913 -0.001955743459907 -0.005598658112338 0.013878389975137 0.030327296120890 0.006225385215642 -0.013679170468871 -0.005421264023613 0.010856688361231 0.003805542134387 -0.167972940768430 0.087006306582648 -0.048180603694417 0.001418130866816 0.000740700244519 0.000853086796108 -0.253642934761421 0.129455703040158 -0.064669644783581 0.010638143951364 -0.016482743234292 0.003227975089289 -0.324155927358681 0.155391988186570 -0.068578904798023 0.019246729270961 -0.027624666560586 0.004166997546298 
-0.006369384683563 -0.002910449871245 0.003443034217651 0.004881964417559 -0.000069981707428 0.000579106506146 0.000334027252721 0.007609992032148 -0.007331088879339 -0.003256777637535 -0.007501096601916 -0.000186634925691 0.007014127008061 0.002989504159271 0.007074461075941 0.002259141124626 -0.007038379325357 -0.011649774203367 0.000721313217291 -0.001192479157880 -0.001705654356365 -0.001591330555052 -0.000329930309052 -0.000832209935952 -0.000367915687394 -0.000151410049945 -0.001073037079815 -0.001446633190403 0.007510347821135 -0.031312512291140 0.004862291250787 0.002828120380457 0.003940417287734 -0.005044154198170 -0.004604089916702 -0.011280193473495 -0.058769517009912 -0.024807390437095 -0.015410515727324 -0.049513144660697 -0.008179435435770 -0.002509119241532 -0.007667532925398 -0.000255639097390 0.007039039462641 0.003051087107651 0.007263014936854 0.002286365624852 -0.006663851280029 -0.013006367414934 0.000357388011361 -0.001343325732312 -0.001787353306630 -0.001524727070229 -0.000291219159760 -0.000886955528706 -0.000185974394593 -0.000363574086527 -0.000651729271636 -0.002237377487557 0.001787076344042 -0.028128997631910 0.002183186813299 0.001818112493813 0.003424604373693 -0.006713883290146 0.235484910797613 -0.847115216864684 0.249288534092911 -0.079594646320510 0.045394539206239 -0.039644681235784 0.034404025459407 0.033140324997667 -0.019269941369054 -0.006908168033672 -0.005775117131374 0.002537220735686 0.007386807497966 0.088888283978503 -0.037234436377517 0.001711576432109 -0.013742221232303 0.000021355861977 -0.055165901200289 0.207213373581406 -0.075705447073198 0.032341027279776 -0.017635069239929 -0.001355977981236 -0.109916368513423 0.294492775410382 -0.089103284715698 0.051254247393713 -0.017713826949871 0.000127978550388 -0.114115101194357 0.312920790371411 -0.071664075902835 0.035880648940496 -0.010531559230738 -0.010283894242780 -0.083671502449720 0.277252117256416 -0.040989134278218 0.019312349181617 -0.003599515709399 -0.015889291676907 -0.044303320543044 0.182384532755000 0.004257230682905 0.002632223445424 -0.003495599038472 -0.013573332069638 -0.018048371219208 0.119389509934256 0.032747888032808 -0.000502725916238 -0.000093502342681 -0.001632983758021 0.001288629267723 0.081782086885159 0.028646756950556 0.001354865654964 0.001628603681453 0.007683258000070 0.008438075127991 0.016447441782494 0.028963332786235 0.016084507937331 0.007202712479059 0.024135842518711 0.033380590692540 0.032025745060652 -0.018385442514860 -0.006824014062139 -0.006376833142633 0.003366889062093 0.006949696007516 0.088779199654806 -0.037702210846549 0.001615480364010 -0.013651003004117 -0.000677976439156 -0.055702367619329 0.207068913011116 -0.075821862971681 0.033178794355323 -0.017821002919656 -0.001118011126810 -0.109773348843932 0.294489412845888 -0.089195804314735 0.051296825734792 -0.017656104562870 -0.000116297011696 -0.114509740559564 0.313105784313563 -0.071705340601548 0.035862453587775 -0.010520847100349 -0.010505048207443 -0.084180219992690 0.278784872865028 -0.041569008605333 0.019303650344334 -0.003814035362154 -0.015744375723004 -0.044405358348296 0.182382632642020 0.004159720037755 0.002967641194292 -0.003660843327569 -0.012830098352072 -0.018493020978440 0.123320135229226 0.030892662510476 -0.000573060997020 -0.000393107167667 -0.001332025385449 0.003954879359695 0.072102254583994 0.031542857399716 0.002885202879768 0.002912411169479 0.009669465715226 -0.004919486530541 0.070316984815294 0.006057947817423 0.013750166261200 0.001270023940285 0.017880630421929 
-0.010197435544764 0.000253334384045 -0.035014376032150 -0.045380267887181 0.000514013854607 0.001881339837062 0.004676383919108 0.032099432614623 -0.038861200501231 -0.043580817139705 0.011895823739547 0.054145588779376 0.015353455007336 -0.012906863063832 -0.053012130396068 -0.017332518605542 0.015953024228302 0.112085502490204 0.000738365004172 -0.002865716402606 0.000532790509945 0.003836248287580 0.004967002093852 0.002326565802770 0.003122830036388 -0.001839204284735 -0.009335180482687 -0.006136240542612 -0.014721917064259 0.061212917081982 -0.041038991657938 0.018383456257849 -0.002788517392046 -0.010171760250136 0.035772117385190 0.008827413240178 -0.059163390695047 -0.037238346300126 0.019137507201428 -0.065126941821359 -0.037244462785271 -0.042770487000719 0.010076970018063 0.054542518854821 0.015844147796372 -0.011504309864534 -0.055532796062719 -0.015901222553849 0.009623320238581 0.124671756393791 -0.000341083939714 -0.002773910558436 0.000945347918188 0.004012321549823 0.004935662962896 0.002005727727430 0.003396526591931 -0.003224062582051 -0.007202933839785 -0.008113658191898 -0.020503091063508 0.071142815006808 -0.043064426970732 0.016504148368005 -0.008214985129513 -0.006116103006006 0.279325741509669 -0.873134652698297 0.283158977074081 -0.087747618922604 0.045865388595283 -0.059250684042636 0.062057787688403 -0.203342064961545 0.099740167266335 -0.053016538573568 0.008480180836997 0.008082227797053 0.098745468317655 -0.328542547419092 0.167945687734629 -0.096084975905940 0.041202081440434 -0.025749627842837 0.070264313386675 -0.307819403368415 0.183870733866128 -0.104573983764045 0.045365766285695 -0.036689436761292 0.039444830781882 -0.217772265373921 0.160708790281805 -0.086936289483340 0.035152515943817 -0.033229456201019 0.017786226121996 -0.045189161688923 0.096042456002157 -0.055880880636047 0.021983097354429 -0.029925429110292 -0.029215805967685 0.120198627235190 0.033586063364738 -0.026101737591702 0.019746864419622 -0.025722785060068 -0.042421823728694 0.176056951967762 -0.009484737737532 -0.009066767314735 0.019358761246520 -0.017191577965314 -0.070055605696137 0.180491895492546 -0.026382286361136 0.009802214830558 0.012206203921204 -0.003129473237301 -0.073719146198813 0.126339402882575 -0.016826187797392 0.010742425885270 0.007655837617519 0.004278640532420 -0.083191470471205 0.053144749680224 0.008341331821959 0.029805947341921 -0.015025844997339 0.037019661186189 0.061325039112459 -0.200958419610971 0.099703780473163 -0.053379561574532 0.010875672312498 0.006208003450175 0.098182509386259 -0.327032034851861 0.168507088131528 -0.097418473976114 0.041004802897636 -0.026391660383929 0.071323971988648 -0.307639800088072 0.184444447137107 -0.105030972132769 0.046329763987601 -0.037755766928236 0.039152384712166 -0.216902679500647 0.160838736873545 -0.087102649356726 0.034800011866156 -0.032991661578241 0.017655416288872 -0.044910800320062 0.095677868495522 -0.055573835239092 0.022256310629106 -0.030083423117165 -0.030272016031265 0.121609055102308 0.032895194178304 -0.025842042895551 0.019660411096623 -0.025200906700726 -0.041470306814696 0.176400769419383 -0.010582068220806 -0.008140480322781 0.018958489180863 -0.016390443939176 -0.073155621697146 0.185627690820347 -0.028366882095208 0.010092911515966 0.011516313310200 -0.002710983877957 -0.067669858296488 0.114611793032022 -0.012587442715114 0.012734414384772 0.006308282266833 0.006541196437908 -0.107814737320725 0.114488571597031 -0.018670538814411 0.026309785945731 -0.014421928883600 0.030256781760008 
0.047054643687303 0.007911831259995 0.082580416480642 0.110147173863928 -0.001321886810286 0.001264126754736 0.000751322903434 -0.010126657009680 0.128011027389196 0.083606090252817 -0.044037497850177 -0.138062256957407 -0.006302561513958 0.067755590552426 0.127133524741270 0.026780726483412 -0.050860878830213 -0.268977293595571 0.003378245372067 0.001685660676541 0.000939913664937 -0.000172898915605 0.005891371963391 0.010666893596186 0.008492869677997 0.006599274016573 0.004906173890778 0.000764794574751 -0.014888999086880 0.019828366943723 -0.025221915076527 0.011764332650418 -0.008695211934238 0.013075096119382 -0.074954752186969 0.140346163962007 -0.174669589541744 -0.058904329815667 -0.084257495384857 -0.064690321129422 0.128848471857971 0.080834762255195 -0.038639521914859 -0.139891450438058 -0.007682014475142 0.065518785711820 0.133801675178707 0.023142208945525 -0.036958612081715 -0.298328718705066 0.002951557770025 0.001960092721961 0.000587639765083 0.000231736254655 0.006252776315456 0.010605335653558 0.007746205183650 0.006432445901447 0.003460399011046 0.001857280312593 0.008577739399842 0.012127309876575 -0.021578022197761 0.007878521382173 -0.010652797679111 0.007054297341593 0.182805608215695 -0.716935032744097 0.227836885475918 -0.062540744581971 0.023693343509272 -0.034284827196173 -0.110962189487012 0.027319710392859 0.019286486958385 -0.022918680656135 0.006443768565252 -0.020717698591825 -0.086478886211598 -0.064548052201826 0.048849897935282 -0.043852487173974 0.016412369367665 -0.026339819051475 0.012058942000426 -0.112403801287104 0.070155656483336 -0.042610861163005 0.016056561262524 -0.013944694252018 0.091658463309474 -0.113161817976400 0.084411926821370 -0.018360355485242 0.023688896225585 0.004082475740391 0.066980083025322 -0.044595887369502 0.047416862920733 -0.002472121885545 0.007952371284843 -0.003124907951291 0.028883206683278 0.005254146860355 0.008795970806585 -0.001806469671571 -0.007016486725730 -0.012381179414503 -0.068557657874378 0.079119945697477 -0.030613924430012 0.004108788833674 -0.005706355478505 -0.012209650217364 -0.060298250649603 0.076783348138520 -0.018173733825486 0.023368224031781 0.013037747506302 -0.000909604708549 -0.040248572403434 0.062043137639313 -0.002814899736381 0.025811005932507 0.022018885033065 0.005012838893534 0.107413772912510 -0.040869873308071 0.076828611083383 0.042729913682688 0.043673520817661 0.027010017073883 -0.109243264083110 0.026317206202520 0.019745269590693 -0.022998777224458 0.008361631975216 -0.021467766348757 -0.083651425660037 -0.064993339226934 0.049345740449619 -0.044744510545349 0.015738483830357 -0.027114790734319 0.010215077823590 -0.111546173891672 0.070009440847523 -0.042159759217060 0.016559547323350 -0.012735164829099 0.092710487511118 -0.113200400361987 0.084837511274258 -0.018228398365340 0.023687890873767 0.003919973342831 0.067603871757378 -0.044934923946267 0.047042798874807 -0.002502126520901 0.007730961635560 -0.003566389141939 0.030825834146377 0.004870234958759 0.008936208532931 -0.002341738665338 -0.007230133815194 -0.012679907456997 -0.071570527401342 0.080196396274946 -0.031402905549812 0.005119731039792 -0.005114802618326 -0.011105159617666 -0.059387140385084 0.078997270167958 -0.018586460302289 0.022430413415835 0.012284148340896 -0.001218493200221 -0.046852864236474 0.056010662718983 0.001819963823909 0.030783121701583 0.025192194789324 0.008675314542779 0.106573195181654 0.008650287840255 0.044511462611899 0.027445860262182 0.027247210292245 0.016817566565586 
-0.006088235963009 -0.001374675727706 -0.002825072803015 -0.004303062441480 0.002384221704546 -0.001238847224490 0.001489886372081 0.011725424331827 -0.014706167423245 -0.007203734438844 0.001675486688969 0.008371242998327 -0.000763696078772 -0.000752301621986 -0.002672140142226 -0.003870130765963 -0.005934339797782 0.011511774008430 -0.005402709711225 -0.001376841829679 -0.000861653647550 0.001308984419373 0.006174487195288 0.008372473282888 0.008439258116925 0.006617949378192 0.001546850947336 -0.003169233104295 0.015589934013891 -0.019036739200860 -0.008929923069654 0.015368823430453 -0.030989301841887 0.008253343353511 0.030990556522397 0.034658378030274 -0.216395245417026 0.056007972300075 -0.030665278945677 -0.042361052146331 -0.015072189442053 -0.006794501890215 0.001202462377360 0.008574879686727 -0.000757055462452 -0.000653429835769 -0.002900277338530 -0.003522301076808 -0.007138968240982 0.012895032352131 -0.005087066824424 -0.001391746772478 -0.000715753482294 0.001619155578024 0.006493952632405 0.008137564532806 0.008239477477302 0.005590230641538 0.001474007247740 -0.004417034546085 0.015507378496060 -0.022469526142493 -0.007164078854682 0.010413275436214 -0.023259566241126 0.003040663454994 -0.067672702700873 0.326722725573731 -0.161143146662770 0.035023396905320 -0.003182069820150 -0.017560678971029 -0.043829660679060 0.070891789878844 -0.017740621368617 -0.020204603589685 0.039450324419002 -0.016795317991471 -0.041861587502708 0.102743771920511 -0.022274713422539 -0.029980088247524 0.035600501435879 -0.020484897458248 -0.016447371094183 0.057915472030550 0.039452659098603 -0.052824697567689 0.034453626365642 -0.015799913004834 0.017557075931659 -0.026648259537405 0.119142238072169 -0.070985433044212 0.037096886259742 -0.008590460800737 0.056821510097608 -0.165298830616728 0.219828513123218 -0.093408831340866 0.046266537428911 -0.012121177629706 0.063070380128978 -0.244238198386177 0.296907386177543 -0.104079404652055 0.041171100857436 -0.004950855908448 0.070598874505774 -0.225785722610745 0.289229531566074 -0.078058771696078 0.022186467105957 0.003782122181967 0.042936845706538 -0.166719375381612 0.251844782580667 -0.051345456278844 0.007311216532032 0.008432707153723 0.002038790375222 -0.079663426811066 0.163952822057676 -0.028206670029593 -0.002163666916133 0.006638275163983 -0.045558818151195 -0.021196109667590 0.111549870733959 -0.024651744885591 0.016457328844447 0.018982494537429 -0.041465012792712 0.069420403760376 -0.017464865790100 -0.019909711503918 0.039145937033035 -0.016194845697692 -0.042495590175689 0.102262363862764 -0.021784958977569 -0.031164231217642 0.036905694926447 -0.021753540817228 -0.015428648539571 0.057168457230679 0.039998612219011 -0.052752386113766 0.033779650327851 -0.015002173293702 0.017189072704186 -0.027342873163413 0.120431523292401 -0.071697666167165 0.037832613173709 -0.008979669479311 0.057571938846166 -0.165973149696199 0.220657247939378 -0.093487903226701 0.046064265340953 -0.011947591388454 0.062632890985373 -0.244858795712298 0.297510709203564 -0.104277196484007 0.041136488903931 -0.004909628617948 0.072045611194087 -0.226429682920184 0.288429719270231 -0.077365720537154 0.021863443334665 0.004087338489667 0.040761684529379 -0.166477196437966 0.249632436354908 -0.051237886275574 0.007325272234135 0.007386629749471 0.005697640658289 -0.078014924825243 0.165151732920375 -0.029331694703169 -0.000197328117976 0.008498585782023 -0.050058024728313 -0.030461196484578 0.090279141119780 -0.018616722424652 0.011549734393701 0.012068836804281 
-0.008369545199477 -0.005063265167706 0.011949552943964 0.013516158011865 0.001341476170384 0.000743587612277 0.009984266396117 0.027904065448128 -0.002074217764619 0.022304893647318 0.003027511293189 -0.004003176358587 -0.042178566030588 -0.050792263634490 0.030443560909711 0.032742750253123 0.010645442529718 -0.038857604803831 -0.001834488998516 0.000549408628540 0.005150184917251 0.005129701811255 -0.003377090017712 -0.008822841694974 -0.010786832261925 -0.013259602598014 -0.010656248732081 -0.006682574995323 -0.011164173763187 0.046059491790015 -0.047993780989783 0.016643615619657 -0.010636509117326 -0.017254082985384 -0.117016375296364 0.090190150167924 0.240082843926272 0.045314450518075 0.088880499472439 -0.003630337538807 -0.005109097270458 0.022874287400925 0.002707848827811 -0.003553956841024 -0.041522324866176 -0.053208413099214 0.030716457212372 0.032637442800457 0.015238329184455 -0.045305679224825 -0.001845704059203 0.001159053104509 0.005654535636701 0.004578256980817 -0.003850840742279 -0.008882906361260 -0.010418257439845 -0.012711660548773 -0.008814132550045 -0.006450061613856 -0.001949896608840 0.041377147307422 -0.043922549838694 0.015563526967474 -0.010426448179497 -0.009021069587489 -0.452233317247481 1.371623051115859 -0.398631514647026 0.133299862148654 -0.040844922921181 0.044183710832851 -0.090355557499332 -0.086396107089869 0.106323668693544 -0.036533283552519 0.020101098491734 0.021265711086190 -0.011558136216469 -0.091238859190590 0.201775419019821 -0.089021149599896 0.072003402435486 0.006264363708430 0.045949316971491 -0.061625073907792 0.222228618342298 -0.126492438976643 0.091767318236873 -0.003019822283876 0.056491787491499 0.009536195221843 0.160388309928193 -0.138305928991077 0.060005228494145 -0.017588081839656 -0.042947976199040 0.132092626548557 0.059764784541975 -0.086957792084452 0.034659341722635 -0.011309335288185 -0.046110889475478 0.091230341515516 0.016614994417183 -0.051388100186955 0.058897637239180 0.007348311978560 -0.060897499271168 -0.003337346709516 -0.001686198309155 -0.047069053741067 0.063161989897541 0.003297923022421 0.026863741048918 -0.112930740984316 -0.042719176179831 -0.052872867056634 0.029255321863130 -0.012514742878526 0.120967991668113 -0.200227092148098 -0.032736710896955 -0.052452107170022 0.009973425456911 -0.019615319361749 0.137268908815020 -0.071760314126481 -0.116957728081874 -0.036111490423474 -0.048862513374062 0.001812523365372 -0.084718689461040 -0.087324360688531 0.108217137421635 -0.037924755954780 0.021664166782553 0.020941780008283 -0.012459087923875 -0.091950727838384 0.203062893441585 -0.090165754591548 0.073514404474066 0.007344443745800 0.047007338956931 -0.061612179379482 0.223161780034359 -0.128242996395111 0.092552720279559 -0.004497837833730 0.055360687215677 0.009913416616790 0.159283369546430 -0.138384819304194 0.059260034698652 -0.017625922227104 -0.043659832487756 0.133431725502424 0.058748421152925 -0.086106914815572 0.034969621147856 -0.010888648219022 -0.044775278951203 0.090174953371536 0.015665501099953 -0.050506901554811 0.059436398959393 0.007805241502755 -0.063772946713662 -0.000591093593433 -0.003220903270341 -0.046994104419100 0.061651389186123 0.002264775266892 0.031819921086967 -0.121238000997326 -0.040935264495997 -0.051300913054284 0.028736168517944 -0.013452446432260 0.110267111550958 -0.181223938831347 -0.042933780164677 -0.054174694401135 0.004718620713854 -0.017573409940710 0.176143134283984 -0.168439755061244 -0.054219184785600 -0.030199036953245 -0.031583846342616 -0.002807890218032 
-0.000687979989381 -0.004437200093566 -0.017717483174318 -0.020928507465298 0.000093998858712 0.001758636616368 0.007090199110817 0.008219783038285 0.024193735955554 -0.015871078585816 -0.009808476005961 -0.000967946745537 0.038114270983536 0.049222179837535 -0.029623578314075 -0.034554246419517 -0.020916289926207 0.059252633591313 0.001699167027673 -0.001822856857747 -0.007816427241469 -0.012582757356130 -0.018022116029964 -0.026343198781985 -0.026520298205064 -0.020118175620011 -0.011201649621241 -0.001714430372047 0.016575927761994 -0.074844888473400 -0.003063738206593 -0.006792162452621 0.002110686307776 0.007418950990682 0.062148919491859 -0.301676498750449 0.075623494560595 -0.152710868325901 0.025256715333217 -0.106882614163302 0.024264524258586 -0.014713668908840 -0.009964031456863 -0.001109479555957 0.037144087960174 0.051818697802686 -0.030335707674419 -0.033526219365967 -0.027711489550354 0.068381007555707 0.000988109589095 -0.002540723008305 -0.008666526767526 -0.013068461256130 -0.018462972120776 -0.026118255010095 -0.025175285353269 -0.018034669327858 -0.009719809643323 0.000249266139731 0.020463671282505 -0.081604849116057 0.001070565152702 -0.005291732375384 0.008378315557302 0.001501548633154 0.469278021690148 -1.674674597903491 0.578829584178638 -0.177587788511496 0.064069167814714 -0.045882640990938 -0.040251402962845 0.180833850604656 0.006199898826785 0.016585343536069 0.006491341026585 -0.014602883239432 -0.048285920883589 0.183712781504456 0.066046311379895 -0.016589221532348 0.016704427923246 -0.019136178277424 -0.019258659284643 0.075140528265299 0.136047541208615 -0.051182607204396 0.037127348088542 -0.021101430539054 0.015399337835306 -0.081660299622411 0.192177648846335 -0.073748408110408 0.059470232191905 -0.012544317017698 0.037222844580094 -0.229104802917652 0.144377965356841 -0.070806474788488 0.048792760576395 -0.015024523771781 0.012741434083409 -0.112780737125837 -0.011237524284081 -0.013269455383020 -0.001434468737179 -0.009385821597497 -0.011794148400569 0.063025746180776 -0.131247479050043 0.041656006863601 -0.025153981053016 -0.004425398738461 -0.047358994345092 0.207285462885948 -0.176002839684272 0.083868070429132 -0.023712452723708 0.013597617049817 -0.075486686889635 0.294586242459489 -0.158645021526947 0.090068185960040 -0.014228268769412 0.021441823583544 -0.004383163253066 0.078862739094496 -0.016915403028068 0.077949780125900 -0.006719205428322 0.045106252512418 -0.041259823336042 0.177565008302254 0.008169492523734 0.015053112881377 0.005382521107089 -0.014380064930625 -0.047830212451322 0.183222017910877 0.066497816092131 -0.016350237442172 0.017856667733920 -0.019993303860759 -0.019376267231287 0.073495211157027 0.137415731474620 -0.052454297986617 0.037411350704253 -0.020384644109243 0.015957845772466 -0.081880245916401 0.191946283169685 -0.073760683981380 0.060106007774871 -0.012511867280241 0.037466398675455 -0.229863348780817 0.143253234420174 -0.070922280336965 0.048043247795586 -0.015095060072574 0.011790283598722 -0.110869326583249 -0.012976944122144 -0.012210521245682 -0.002169177207486 -0.009557055022047 -0.012184807508356 0.061522958646989 -0.131086914184016 0.042440943999721 -0.025009465529856 -0.003739317217078 -0.048274707683077 0.215384735089912 -0.177543005790998 0.083437531389729 -0.023238080159279 0.012595672880932 -0.072172624652048 0.277489181253744 -0.150188669944708 0.093866290344530 -0.014818075865146 0.026044219256014 -0.027486401308666 0.169065792367890 -0.051916753603841 0.060845390390506 -0.006196267007737 0.027052246640608 
0.003295189654447 0.001419734757133 -0.000697986832091 -0.001502771222152 -0.001355625764506 -0.000432791597572 0.001596690520341 0.001263592917098 0.003446673345068 -0.008167643358635 -0.005532921918130 0.009181541378359 0.000476478304534 -0.024091888016088 -0.004339056322981 0.010457992552750 0.015200852708511 -0.000653827502774 0.002047474225198 0.005125308642295 0.004674447939147 -0.000819011524645 -0.014680813133959 -0.017397928408260 -0.010879521360056 -0.007770730043485 -0.002419305515379 -0.000247867767549 0.001796336628391 0.032917704794106 -0.035435752814884 -0.001272086075904 -0.008510638819540 -0.007917146084123 0.156633036285921 -0.048357814925465 0.052135136165720 -0.017815004429628 -0.009087203107625 -0.034954583784966 0.004478606575436 -0.008050807739369 -0.005558224187731 0.008887224261117 0.001147254306256 -0.024585247416433 -0.004731503466490 0.010094908548412 0.017125372600921 -0.002071616802492 0.003036612716092 0.005395747734013 0.004647227961575 -0.001894691216950 -0.015271747102720 -0.016679730268346 -0.010168596720161 -0.006940028684017 -0.001880225159100 0.000096403968900 -0.009602454903835 0.037309404798977 -0.037087714291932 -0.001272481266729 -0.009897126246205 -0.004548706076176 -0.273194358618736 1.267226252323246 -0.391456586126013 0.086457738814043 -0.006860874576663 0.004047801595557 0.091216288223178 -0.116870590582905 0.077593880815605 -0.015385899389171 0.010232093968239 0.007995487445485 0.087022212550860 -0.091541329982594 0.109415169112935 0.019985011511568 0.003094129361360 0.006138170196640 -0.014253180708109 -0.035370562518989 0.084164679557294 0.054395532415031 -0.016754077640846 0.015221536325825 -0.113956915954231 0.041803819041695 0.021781041318653 0.086721933029040 -0.049905922793271 0.020063746156201 -0.074419142597896 0.086322455199578 -0.051931584445251 0.173756899715095 -0.085940591689624 0.036338264193670 0.012408419757226 0.036801609579964 -0.063301923522577 0.247837311721244 -0.084707700837215 0.055110362504417 0.115291911455174 -0.028702867202700 -0.050538708071909 0.246451208766081 -0.082710574078714 0.049209958865191 0.049695733501760 -0.047452360532524 -0.049060881806749 0.195503399062600 -0.075586576645071 0.035602770626148 -0.020153775662929 -0.086295977845741 -0.015693088259267 0.113869657775534 -0.049257341591024 0.019046809245021 -0.187596273135134 0.024177114710719 -0.030341148698740 0.010327154624905 -0.000121936321771 0.013987889787749 0.090449363723954 -0.115313282455902 0.078431102082422 -0.014473089725792 0.010844153779661 0.007278703001915 0.084984614077606 -0.091176188268328 0.109380498773313 0.020784316632143 0.002722205606864 0.007048786805127 -0.014125520995810 -0.034949689730688 0.084332180903804 0.054781989064124 -0.017274959484849 0.015045071798596 -0.114353207044367 0.041923997312955 0.020860040037143 0.087915753317539 -0.051039162485813 0.020763755839002 -0.074000212272240 0.087003380869878 -0.052749144736583 0.175536302322775 -0.086299163078689 0.036976961801279 0.010540855540564 0.036719995472436 -0.063275207878507 0.248072186044271 -0.084366262229246 0.055072229528997 0.120569894724376 -0.029451870469687 -0.049849717335173 0.243531678648840 -0.082008844404208 0.047986851393453 0.045380110648973 -0.051219331551221 -0.046885421295309 0.191040810947011 -0.074613573107921 0.033659052222348 -0.010302291336043 -0.077482591623853 -0.017172187958619 0.107564675310953 -0.044608546189608 0.019707069744916 -0.189239584090902 -0.047789335372239 -0.004900105005123 0.006590569392095 -0.006199690452244 0.007341757914259 
0.003595422502378 0.000493319971660 0.012227597126923 0.016300223285393 -0.005264390255413 0.000342043278766 -0.010260854475901 -0.005240875511475 0.009300302605074 0.003854025597469 -0.014216942502586 -0.006548113727132 0.001251782381379 -0.023086006034712 0.014013128537492 0.019886029084775 0.012872588854760 -0.045840078095099 0.009571528926269 0.005811946377765 0.011212822784987 0.014861874837315 0.014060614810158 0.013898643467776 0.016018186677562 0.011600087983503 0.004813236006147 0.003411013317468 0.025858600123876 -0.032151203850624 0.025736796760441 -0.060331998553354 0.019465466254512 -0.009233910011495 0.182232767089586 -0.151779803175330 0.106331595520659 0.205268413530963 0.060503784256211 0.070344421069812 0.009555556170794 0.004006642240370 -0.013698418413326 -0.007111606260226 0.001938172782348 -0.024054227915623 0.014465251893563 0.018837185505441 0.017812971030159 -0.052614203049310 0.009938775725959 0.006533476684283 0.012096524056761 0.015069742644646 0.013824604512264 0.013677481610670 0.015526714823628 0.009909301043658 0.005034358383875 0.000741806076545 0.012991930043858 -0.026429969886635 0.024448526160746 -0.051490369656690 0.016457877860668 -0.000104341838808 0.199934157333898 -0.406795301830321 0.154612828031765 -0.015120102016564 -0.048446153298828 0.084301968180891 0.037029477808652 0.001526990338107 -0.014650980344747 0.109465471512497 -0.034647075950144 0.023524177174877 0.084612239692534 -0.023089113797893 -0.016326954965619 0.218884728875184 -0.081232487333349 0.041996000157771 0.000076264300105 -0.008585356144469 -0.014656141227087 0.233536604253538 -0.112048758791690 0.049987214822890 -0.083264884097474 -0.002019830553445 -0.019671746723724 0.172386541707803 -0.113113204734215 0.024597996630921 -0.034782245415985 -0.047428425980570 0.053402329347720 0.036625581311402 -0.036499809553849 0.001016794599316 0.020402565444172 -0.042937550875297 0.112369959277340 -0.087557544880081 0.044240640819342 -0.008799191371070 0.093615503897630 -0.048166658957945 0.099751476760375 -0.157666210670123 0.115353667618009 -0.043977540675641 0.034405097532086 0.016019353282852 0.038051331279013 -0.197450464217744 0.117588458254216 -0.069107229510665 -0.024074969437332 0.065874927484717 -0.011429739083309 -0.144893563566764 0.067288335066038 -0.054276868258963 -0.198295637182132 0.112183269390125 -0.068789730568031 -0.124352258755861 -0.023436262512723 -0.036010000957757 0.038826758896134 0.000948093308757 -0.016041254050857 0.113506288853134 -0.035636206300854 0.021608845981767 0.080881450363158 -0.021429540625855 -0.016277022035713 0.221528722645258 -0.083217840498709 0.045055100941778 0.000467316527431 -0.008843591495677 -0.014928858835640 0.234362632262111 -0.113273331909179 0.048631534727658 -0.083962251603378 -0.001859806236699 -0.018923211316296 0.170350160794432 -0.112681714270727 0.024293949645177 -0.033600500465758 -0.048495113596391 0.054832459276580 0.033631525756117 -0.034564241672535 0.000691533692063 0.018026108239900 -0.041663558174765 0.112426571099960 -0.089054753118364 0.046045397398355 -0.008848740509930 0.099161657008053 -0.050670391816086 0.099526316865803 -0.159354962325186 0.115647079421176 -0.045366528080457 0.027042240578269 0.021679539646216 0.034951031825260 -0.191861134303244 0.115613432058568 -0.066991802977149 -0.007056088556422 0.055457363295803 -0.010070664560689 -0.151507159379323 0.057941048625699 -0.052568476097134 -0.228774509839467 0.142287692993673 -0.075218047842433 -0.076732203610190 -0.006325405021323 -0.030398982797723 
-0.004362000892686 -0.001197937307681 -0.004701699053075 -0.005080737398622 0.001300191948391 0.000363544076202 -0.013541944150903 -0.043641322739587 -0.009087208141514 0.002222235959715 -0.000006438989753 -0.000076943997508 0.006424511141481 0.006809101285402 -0.014859044289690 -0.008893655881215 0.005092244538305 0.014050585953974 -0.002392269424903 -0.007163604705746 0.001989099357823 0.012108392993190 0.028112082730870 0.045988680946167 0.046035096282178 0.034747242185936 0.018637368387394 0.009238934912853 -0.035131696493059 0.008630005069081 0.004416690144062 -0.009895262796159 0.011839195033868 -0.002270513751564 -0.368246449563530 0.161273963656863 -0.030619060021676 -0.020888139393978 0.048413222422490 -0.030766136282738 -0.009776505669535 0.002343535065833 -0.000088025230272 -0.000028892129370 0.006204227970013 0.007402766622250 -0.015169653613386 -0.009044603512527 0.004120119359161 0.016162278102677 -0.003981040646568 -0.006613944292538 0.003049662417125 0.013443982488885 0.029214849243028 0.045767459439641 0.043414576925696 0.031543091691030 0.015035511538300 0.009138226415551 -0.005479140568288 -0.003910526282234 0.010976110070404 -0.010868125671796 0.013593921224632 0.001421786533901 -0.032828356017684 -0.573212522073569 0.161266542538869 -0.040984531280718 0.012411502329853 -0.000427702129971 -0.164953456411337 0.068590411210807 -0.017806327309421 0.020488774507486 -0.008369653973340 0.003989791480630 -0.166307371552323 0.066462638142816 -0.063498498682122 0.091555936649871 -0.054359007822297 0.008503333144080 0.058919834569716 -0.018509955116557 -0.026223844863919 0.139308530667482 -0.111629213473656 0.029419966630620 0.235699846259463 -0.098368996675614 0.029164990035669 0.150881742782170 -0.148336781619342 0.045686306902966 0.057337007431422 -0.044910305816133 0.030059789372967 0.130768915154322 -0.150943974940387 0.050071587101647 -0.083130138349510 0.035204615463207 -0.024096865934004 0.116230110520854 -0.140163372391399 0.046580899766141 -0.217652159718652 0.102664226529538 -0.047034000765911 0.075290751484288 -0.097352066071727 0.035282974359302 -0.064933986958708 0.035808920133706 -0.012577929786484 0.031767808559062 -0.053117897714035 0.022784958566031 0.071468488581716 0.002032697480727 -0.001449344089692 0.013468089990306 -0.018686049451456 0.009556565184074 0.447042670721232 -0.159581157236007 0.050980758412342 -0.003673594548233 -0.016862551114945 0.011180926738826 -0.164566038630515 0.068632214815879 -0.019465543270156 0.022219527468881 -0.009948759592919 0.002357154673396 -0.161407056175848 0.064508420664851 -0.062777316268088 0.092901529424374 -0.055700560401658 0.009665161545460 0.058812452255520 -0.018407187071197 -0.026461559265037 0.141117428601671 -0.114005422994728 0.029605857808877 0.236370901467340 -0.098856238247379 0.030159922214656 0.150709392377598 -0.149000708878343 0.046170987076895 0.055382973598950 -0.044278121714807 0.029904648841284 0.130030139280376 -0.150740382834670 0.049773162291053 -0.079411687305858 0.033970016721860 -0.023907746231530 0.114759391187573 -0.138573700819328 0.046288378679337 -0.228831865359513 0.106752739628683 -0.047895170592979 0.074063928325200 -0.095739391203744 0.035318622142867 -0.051278488018499 0.031807168543443 -0.010932406558525 0.029544348359968 -0.049692337862845 0.021785255829910 0.041544821340391 0.008932097457096 -0.005145064370550 0.016487602913714 -0.021678628608354 0.011567051947445 0.489271151078459 -0.143273268466746 0.053527158022033 -0.013308360005373 -0.004004920552161 0.004344031667081 
0.000499382926032 0.000896478606956 0.014006028774891 0.016025675153682 -0.000198093275596 -0.002371609650771 -0.003402794408645 0.019013586057117 -0.003617988265877 0.018011649778074 0.001424481774576 -0.006050831173007 -0.035666480868623 -0.036820800919157 0.033875676848558 0.029309066758891 0.011985215762855 -0.046046542173344 -0.002320713887495 0.008317394869446 0.023209296490825 0.036461722387897 0.045127131905315 0.044944456617939 0.036344521489755 0.023673156308175 0.008017025026177 -0.004349638207471 0.002288585355926 -0.039822617264945 0.047041805121801 0.015540600856825 -0.026272382605714 0.000802547727154 0.171284923904984 -0.596816480804014 0.767157769829382 -0.023243577915543 0.214008469439862 0.086977902598626 -0.004553959319801 0.017669282967540 0.001591231763422 -0.005887942310542 -0.035046918957320 -0.039065365512468 0.034643612566111 0.028864989756557 0.016975580453011 -0.053155162776317 -0.000530693893038 0.010434727254271 0.025405700323534 0.037679858363332 0.045244255030827 0.043425590976872 0.034442282778974 0.020148228393930 0.007615187337976 -0.008490389938677 0.008418544071089 -0.047433141445073 0.052520567806544 0.017226357903154 -0.015638616070493 0.008084697784245 -0.278524804526457 0.996721782338465 -0.267180699447336 0.078847402855204 -0.054401658859285 0.112442007926249 -0.101652890293377 0.111535512296753 -0.056086056008348 -0.013318693936057 0.044944913476005 0.005909960845114 -0.033696541755770 0.159622604263517 -0.075946580320545 -0.062305355895894 0.066858763175532 0.006182815114001 0.010355254471888 0.062703274558605 -0.068609676561722 -0.082665134597358 0.052313230624229 -0.005977713156078 0.051630152979280 -0.100344696487681 -0.043617712267412 -0.103499525961587 0.007418833639829 -0.044340858887280 0.017123291194428 -0.179871032777883 0.100542310792673 -0.027478019377232 0.007128971007621 -0.038989429825240 -0.023571352986827 -0.019762986938732 0.108208158275254 0.080939164775256 0.013878800942430 0.006316465924945 -0.022419714403374 0.125585929924576 0.043040325924519 0.104925151104314 0.014258899081172 0.012343480083542 -0.026550999092764 0.162011010256066 -0.096744250743270 0.060947665341310 -0.020676690468912 -0.015752890507042 -0.023787231175072 0.108170591714180 -0.167701753691261 0.009391739369139 -0.032097047905072 -0.027171421119175 -0.014346530538814 0.045415148856244 -0.306533556688219 -0.039077210867085 -0.098054210280772 -0.044752478398187 -0.097283947287203 0.109165766013365 -0.056753899552120 -0.017884539191740 0.044737242122881 0.004273388390250 -0.035920765186797 0.159903878618641 -0.075790454146437 -0.061154864693805 0.069074404045423 0.007315408158269 0.011636132929779 0.061879038086843 -0.069158682794830 -0.084609226785518 0.051156710784104 -0.008778161611457 0.050230092993673 -0.100351136033817 -0.043427813078767 -0.102068886698708 0.007222865277728 -0.045374205936543 0.017826306276071 -0.180540547616468 0.102775091024274 -0.025697991223984 0.007170907680278 -0.037819532456562 -0.024281690157955 -0.019440458958289 0.107388210245149 0.082436432877965 0.014450003888344 0.008070088802658 -0.021931783845299 0.127955498981603 0.041771954308838 0.102331218736397 0.012636799568154 0.011145499425522 -0.027288266732528 0.160562414999775 -0.098061944831670 0.061060907067137 -0.019728162025638 -0.014913700627484 -0.026341912999090 0.127594130734006 -0.187355341391734 0.002321272018708 -0.042373101100825 -0.028374846026108 0.011592367431385 -0.065199852206515 -0.195523674581627 -0.025713474736278 -0.058276825317893 -0.037127787744283 
0.008807059171083 -0.009228002798884 -0.029885433197624 -0.036765258799376 -0.014818846114070 -0.007173536185294 -0.038876769493403 -0.124522111424292 0.087052926383320 -0.051869695337101 -0.040191625576304 -0.002924379025886 0.044305389493034 0.029502086721766 -0.037860236812954 -0.032180113321427 -0.031581844388816 0.099092294280283 0.018707189590926 0.042939282801884 0.058723316663276 0.064542570947795 0.083140196074737 0.113242807967198 0.110690988763906 0.096302565114276 0.074050907217456 0.022694978817657 0.007141478766476 0.000934640839353 0.022968044560322 -0.010779428653791 0.002257772059504 -0.001261345175580 0.078359779368287 0.070496747630151 -0.013992492421155 -0.091597598459197 -0.146916236484607 -0.059545682197191 0.089127107928252 -0.048412395982371 -0.040483077997941 -0.003501796564104 0.043624859257370 0.032298373518285 -0.039776571619140 -0.029917342603802 -0.040966964008595 0.111947974452422 0.025983141011695 0.047756276393387 0.060740981714188 0.066527333067481 0.084195917415596 0.112623985040680 0.104241581825016 0.090605148697015 0.061179455393369 0.020463971990463 0.006574882978137 0.004994466023811 0.017630063709418 -0.011823864693054 0.006646498360635 -0.010494981003362 0.287959231933972 -0.792961945432761 0.285396120256436 -0.092160064883236 0.008280710669165 -0.044181870793683 -0.018314546544410 0.013591930353948 -0.063612285217745 0.016761759459226 -0.010656631744745 -0.004951811033507 0.068174156927447 -0.068725102519938 -0.010545297724510 -0.012786937790663 -0.039646540933515 -0.010498428319501 -0.003316183331066 0.017986383274030 0.017114069988667 -0.019442175796319 -0.019133938211308 -0.031337743651457 -0.063546095714855 0.085289039710346 0.043663680125177 -0.013443354247629 0.012984563703096 -0.031762963726605 -0.043574264727728 0.061573848903397 0.027237981590392 -0.038970023772986 0.049173365386556 -0.035903940773819 -0.017336325954749 -0.005236118612824 -0.001764735807505 -0.064808997518534 0.097120798483176 -0.051452397886877 0.078768361576233 -0.096651341812366 -0.005642042973151 -0.055233952635233 0.121441863484876 -0.043775976871026 0.058874954923789 -0.066907751373611 -0.029525563329813 -0.002462731670170 0.117218590770401 -0.010025890545343 0.010516833003447 0.017290670482654 -0.059171720510864 0.035283808141139 0.074602417620745 0.011705827527389 -0.180399316475839 0.128327181675638 -0.050753824047742 0.079256480997386 0.069831959805965 0.024619051070962 -0.017438852418826 0.012674681268371 -0.062437240465160 0.017373113765161 -0.013897850272156 -0.004639670258401 0.064614453406483 -0.066531254892089 -0.011978645103822 -0.013430801262218 -0.038255840018168 -0.014247915644637 -0.002537210658538 0.017236774223317 0.018819552601772 -0.019500772158630 -0.019064783349406 -0.031719079288218 -0.063936429870696 0.085707205442251 0.043095696304101 -0.013661466135094 0.014382228349211 -0.032307072492033 -0.042307457649429 0.060720732955274 0.027474865081302 -0.039810049417990 0.050066384927021 -0.036157647504017 -0.020375212871083 -0.003196076504786 -0.003699317270868 -0.064450847542329 0.097338358121718 -0.051191863399955 0.083287113448212 -0.100288498718566 -0.004096207056883 -0.053870768900467 0.120784047847885 -0.040811247112471 0.052616466251630 -0.061628536021218 -0.032348323457308 -0.001004674064029 0.111682010929988 -0.008225940484198 0.029113562816797 -0.000574419541045 -0.050791319530965 0.038525004025232 0.078043471351326 0.015374616918324 -0.218748797519731 0.193521910244365 -0.074361053764124 0.067230340381561 0.038921964317838 0.018739703197008 
-0.005691684471710 0.004359448072591 0.007886038951921 0.007709066011673 -0.005202466174436 -0.002422117668903 0.011935345494008 0.022514580931805 -0.046775529128009 -0.005955893609425 0.022542723868527 0.028463251210966 -0.023822219355621 -0.034554319189328 0.020239820372336 0.021089018546359 0.001493709502018 -0.022857763689973 0.006646667205017 0.022868336128985 0.034057255046659 0.036463629183801 0.021075137657408 0.006038480079895 -0.002767705735568 -0.012207734919240 -0.013064140334647 -0.005611005363353 0.001820476810821 -0.001761713893246 -0.023286758924389 -0.008396908091414 -0.043559721245376 0.009147644472066 -0.060641525931982 -0.045351061211962 -0.032852105986106 -0.057002564682292 -0.021359385259912 -0.047472760092491 -0.046165425103367 -0.006880835518652 0.021677945938928 0.028914317799761 -0.022852149525187 -0.036239371954888 0.020402919102670 0.021130840583713 0.004171773871361 -0.027132860832914 0.010531779046942 0.025487893063898 0.035835445327380 0.035996310629209 0.019669102245140 0.005160954020489 -0.003184593081343 -0.012191700070054 -0.011204493137543 -0.004096183671447 0.008860061883055 -0.006001654435842 -0.020924205781263 -0.010406524373584 -0.045267875218158 0.002071621023066 -0.177139441731083 0.451457999397360 -0.198131067698728 0.080470501681618 -0.061248606402366 0.003151843692887 -0.123283142211609 0.056441219830605 0.026335486214917 0.003375577417389 0.042542957210539 -0.019128249979379 -0.034626394844448 0.026229659499890 0.050108848071627 -0.014692754683822 0.150890858829329 -0.051669747796059 0.033651990360083 -0.017671201787440 0.016925603595289 -0.002865736201978 0.196578791801982 -0.062384229461578 0.079309713105179 -0.058396217503958 -0.043233397036493 0.022569641867940 0.201619986664735 -0.056072972351995 0.008882774150875 -0.017020144712434 -0.107701166352965 0.021869802543668 0.179485739494307 -0.049033624392973 -0.038740326393054 0.045162204425443 -0.073245762555139 -0.011264893482509 0.176312682646827 -0.041237817663985 -0.087746000947367 0.085113886849834 0.016653356091947 -0.046626045352855 0.169725963675643 -0.039758752433051 -0.013380121801379 0.016960173369274 0.082812627788946 -0.053027573440491 0.142828389768620 -0.034256898282739 0.073823109664767 -0.063701821749515 0.113528212987008 -0.050011962168231 0.104818626329553 -0.029431501189548 0.119413193496693 -0.083759696934693 0.055663196522041 0.022613611097283 0.013013209334337 0.020238229264367 -0.118114256898233 0.053589049083565 0.028003381800398 0.003010213282009 0.051219014509286 -0.020002547966636 -0.035504978024490 0.026493551456495 0.050080468543884 -0.015362486042436 0.152787469912555 -0.054323327226473 0.035324448255034 -0.018327593408063 0.016543369701341 -0.002322466671959 0.199627522474925 -0.062605694329550 0.077988410087266 -0.057628282532200 -0.044481516903530 0.023034088185699 0.201073697972646 -0.056180074760695 0.008565113651677 -0.016653998408210 -0.107969172044712 0.021868813347926 0.178814291994949 -0.048261573170643 -0.037840894638583 0.044133471271809 -0.071406458133699 -0.011969724734941 0.175103379055863 -0.041031784073180 -0.090201008937752 0.086962855871389 0.016921829504687 -0.045685732537558 0.167089513697676 -0.038911199838002 -0.010781999959198 0.014470338881256 0.083695244814075 -0.053326895120771 0.138956974279020 -0.034659170658255 0.067653968949454 -0.055155492386727 0.108933188944441 -0.042895322539500 0.098973760907626 -0.024992011673339 0.138613375176868 -0.119305715548764 0.065598107242653 0.003609400595509 0.013069820641461 0.010514396167508 
-0.013951798073360 0.001258660126801 0.012091708213663 0.013878749312630 -0.004565515771096 -0.002357534412873 -0.027293995971393 -0.055915338468241 -0.059350748430756 0.023725780317185 0.026886879117080 0.013572250272371 -0.030880458436846 -0.025379014721806 0.022680044825791 0.020602577853139 0.011843016285937 -0.038531741115243 0.005482286133784 0.008205257725065 0.022895769656717 0.037074919071233 0.051256695265504 0.064370474066333 0.063326831913467 0.051644500053455 0.031731055136944 0.013518981855404 0.017192169338055 -0.000524574191360 -0.093475222979320 0.047816772596297 -0.018925617383491 0.019347371992827 0.054467641576343 0.018197857166179 -0.077763907148207 0.042636881262056 0.124688640372145 0.033970762983774 -0.061750269676873 0.022584727517501 0.026288427055128 0.014268003976506 -0.030398626995209 -0.027094029931421 0.023327803130698 0.020091577698325 0.015736988159217 -0.043954330675237 0.006569112113136 0.010005111670652 0.025049431864019 0.038746307865150 0.051875496627290 0.063530918926578 0.060155461164034 0.046979111991509 0.027216422811302 0.009790281463615 0.006280143308515 0.000589058522458 -0.086349893739695 0.042002249663332 -0.011047298865266 0.023180739662537 -0.127022624399771 0.559194772765898 -0.234180742550095 0.082000633371673 -0.032878920165505 0.034862987460856 0.023707857015623 0.005539628562110 0.191355570738562 -0.090868460023881 0.049694010691316 -0.022923280657332 0.022986727426562 -0.042682961633390 0.262713314804042 -0.105407345225441 0.038306760925872 -0.048574232761683 -0.003645972139961 -0.039539374302629 0.131113677169544 -0.061516642389420 -0.002614477655068 -0.040738211325835 -0.028799790960267 -0.001415204114120 -0.070906805966971 -0.004601266872051 -0.052080479507101 -0.033077129770027 -0.006862963986674 0.048298121868795 -0.218935628421027 0.052610542275254 -0.087561268207765 -0.002908675248185 0.000376060110579 0.044423428197715 -0.144360786758344 0.058401599417633 -0.106833082769745 0.013130628251404 0.015804771613697 0.032024274566872 0.020495746361371 0.010249841049901 -0.081561324403504 0.002760356904371 0.017191811820129 -0.021063908839768 0.103953586133567 -0.025054304662795 -0.074141580185948 0.002183153083149 0.018030130336048 -0.080289275170944 0.154382214498239 -0.045963818942211 -0.052855908138682 0.003849833152733 -0.059628107400182 -0.022510272026985 0.045960434833369 -0.030519118787585 -0.060529430257989 -0.012545245197552 0.026792680717734 0.002300588367956 0.193908600265180 -0.091822544395911 0.049231411086759 -0.029699205202293 0.022027061405945 -0.042614157051628 0.264147286640137 -0.106778794846129 0.039303890414874 -0.048052149430912 -0.002901864435447 -0.039610316643938 0.129142156266523 -0.061012268777182 -0.003766220299012 -0.042832769395112 -0.029827430830449 -0.000221854701656 -0.073214868952059 -0.004127601010237 -0.052694711257248 -0.032394095189682 -0.006566757223625 0.048687715636301 -0.220307263568341 0.053910962512658 -0.088602286327529 -0.002276147252484 0.000268421962249 0.043238232924745 -0.140876471463269 0.057740614979558 -0.106225518943189 0.013749435039664 0.017784450071200 0.031878075856220 0.021600101036239 0.009512089128012 -0.081122493383455 0.002982781730549 0.014886660030556 -0.022444687992967 0.105861666188592 -0.025965337879337 -0.070689447384603 0.004108220984080 0.022775863878486 -0.076217100953090 0.151194919669080 -0.046118390729039 -0.057887727017864 0.002767128385494 -0.060662908454756 -0.049983402958366 0.048896650226736 -0.029237067999497 -0.030507935864527 -0.008114206655438 
0.032112471171777 -0.011128410477743 -0.038350538783033 -0.045041659368266 0.011955929089886 0.001728804888955 -0.024588676250227 -0.043848590504678 0.185952142422374 -0.067707229550879 -0.079727847886048 -0.041497897098638 0.074917259720964 0.075092724872025 -0.045687322475381 -0.055826254991802 -0.056003863398080 0.126515577907940 -0.019524177373996 -0.036316784281049 -0.033498489782041 -0.018210096694644 0.003501036792585 0.018313050851862 0.022210444829027 0.025518705823061 0.017309783351092 0.013157795955135 -0.024827421459690 0.028051664028454 -0.009483412980817 -0.010126550593600 -0.039630580502479 0.010792698898515 -0.017277524942322 0.037159718175367 0.066234937072671 0.145326704127300 0.109543856851399 0.220700317109496 0.190566865913058 -0.062923344727062 -0.078648200375534 -0.042974191381175 0.073184870641036 0.079745733544374 -0.047537600872374 -0.052861833061853 -0.069774209611924 0.144279771169435 -0.025211417008649 -0.038810977526914 -0.033270240992404 -0.016773171776548 0.005032346318282 0.018406078303123 0.021699811005523 0.023636259819540 0.015313734761118 0.010362442670636 -0.002980389594447 0.020028192951524 -0.000473901915279 0.000093045145700 -0.024175135455784 0.026321760016622 0.289403709829443 -0.987394736393287 0.356139134130014 -0.184214811150856 0.084841218012580 0.094487683651188 -0.083413980806477 -0.025539973359647 0.058186342568740 0.055986697764263 0.068616949364547 0.007930919707649 0.052569288972174 -0.100271265706468 0.048712421391477 0.056869911859420 0.143827515729856 -0.022615964261415 0.042921075480105 -0.012668458428258 -0.013121370288925 0.008497308588217 0.164767922509242 -0.080629648065936 0.005514706898780 0.064314353243484 -0.072325314081929 -0.072824727742707 0.141721109165119 -0.130459690325864 -0.050111425560577 0.065743022389728 -0.030577001701086 -0.098548419482003 0.091428089973209 -0.090650462376817 -0.023536949568312 0.023337044167648 0.027189004887432 -0.035944342947769 0.012662027441612 -0.046970319281646 0.024390347270083 -0.054913095624682 0.046061732137687 0.075534068178916 -0.077038023607613 -0.009134989911985 0.018687120407491 -0.049713934698391 0.011864462160624 0.082050009361364 -0.124116733320191 -0.019806717594598 0.005274903041447 0.014617979626788 -0.023263469895292 0.065127574309213 -0.096926620693996 -0.031121567834016 -0.052063975266903 0.105210203559026 -0.079743040517480 -0.063903271767430 -0.074719612269294 -0.093828641685010 -0.085540086458747 -0.023865207316876 0.055297689497732 0.053929257486156 0.070210903019446 0.004759660399214 0.050714582130486 -0.099458266702713 0.050212184346031 0.058738585430786 0.148209776554956 -0.021529884478061 0.041981708597701 -0.011647658202474 -0.014860292926302 0.006052436497842 0.165153255844922 -0.085813343224875 0.006230377348740 0.063948664974461 -0.071565501521346 -0.073670443577299 0.141487965231373 -0.130544202384748 -0.049498417945893 0.065189673939116 -0.030446156850510 -0.098144762779255 0.089158428677433 -0.089595861825239 -0.025092357133243 0.024486035328371 0.027274062367139 -0.032572788372941 0.010748123415070 -0.044845035226949 0.024642277681129 -0.056317123200652 0.045515790675162 0.075672706935433 -0.079440657192789 -0.009125692917570 0.017927278364664 -0.046664847010738 0.011265892713216 0.082868960919466 -0.120990396970482 -0.016571171556436 0.010246861254954 0.002035699295083 -0.020701564222229 0.049394829038759 -0.096885594246588 -0.039632754780827 -0.072624961568349 0.169306221390730 -0.093677308520296 -0.016358360722220 -0.060668628663675 -0.058250784690723 
-0.025961009291664 -0.001975937431596 0.015337198849034 0.019075301967030 0.024304806814438 0.005740713764938 -0.024649801133655 -0.062580916181104 -0.085355309779444 0.042262826781271 0.035072415881004 0.004114036996178 -0.025032946112580 -0.000554942588116 0.017761634829433 0.009149314131276 0.007117120073775 -0.048339703104193 -0.037632359475678 -0.067848850950368 -0.078208032516908 -0.073301513279178 -0.042022708182398 0.002543124010185 0.029032081107227 0.040834930653444 0.031563814050259 0.014052499418350 0.023998907206693 -0.004828184707918 0.008018454591357 -0.051255000592924 0.045713174914576 -0.021121605715795 0.020156996913065 -0.131370579377581 0.314943465257536 -0.160959357837040 0.073613760313542 0.071566959486495 -0.090374527906887 0.040963810395332 0.034458887338453 0.005118718773200 -0.025262862148671 -0.001530960666345 0.018770564088001 0.008335353780326 0.010308078414436 -0.053410767474921 -0.048353506900013 -0.073090954136200 -0.080555571177951 -0.072585816956094 -0.038600927563365 0.005168896295590 0.029120143312799 0.038968194443274 0.026470149622861 0.012279721030741 0.016146967129499 -0.002763723601785 0.014111753550831 -0.039199423298580 0.051027278256726 -0.003002541928150 0.298434412870057 -1.072356188722614 0.347799563016095 -0.122965036226553 -0.033606861723883 0.100393325693097 0.009759482867375 -0.075600502275004 0.083011720889554 0.082130171534043 -0.045916449731762 0.046292395515728 -0.041527055628583 -0.009512129776460 0.029299235725214 0.114042460934606 -0.142755171935957 0.078258118426139 -0.018991687362460 0.040906385436785 -0.046001281612049 0.078179575239064 -0.168760347686627 0.047599438340970 0.002147842536896 0.071457120708700 -0.098325843351974 0.003187374067951 -0.133062635962592 -0.017280051234646 0.029278138842769 -0.009356742726401 -0.005168037750106 -0.096192274372602 0.054142493983625 -0.101729418940799 0.015321219540568 -0.046387110875547 0.047565887774734 -0.090979478636207 0.186461660957943 -0.139057491474745 -0.003649433691905 -0.085714426450940 0.088203042021679 -0.035982032402304 0.224687183406630 -0.127085658369698 -0.007459724360419 -0.018693053125157 0.024863920053152 0.023682676645696 0.178848232936946 -0.112295249907697 -0.015570699834919 0.077857473045925 -0.045528277128102 0.077313070186002 0.077894915261181 -0.066033057220139 -0.004820041680210 0.114918398517725 -0.175428128763763 0.094095851662166 -0.045826408352964 -0.034537134346672 0.013814468241011 -0.075731191164969 0.080405188441801 0.082962483512653 -0.057171239137506 0.049954588103783 -0.040770181335050 -0.010530482520894 0.031197124434526 0.115882112507703 -0.142000411969568 0.080877410636336 -0.018417746391328 0.041369951571748 -0.047797719848717 0.076279368384088 -0.172220043673059 0.045658117383187 0.001525741335339 0.071419263207215 -0.097519061818958 0.001677284618734 -0.128872754253325 -0.019856705751780 0.029691179499205 -0.010112866765585 -0.004328330601832 -0.097859480018664 0.058187876133388 -0.104158922089989 0.015774847393210 -0.046217419603205 0.047894864261820 -0.088767400614633 0.187997242354906 -0.138212044396072 -0.003906274200486 -0.087304711614059 0.088152204332816 -0.034851422220404 0.221687339221095 -0.125048342717377 -0.008535983623165 -0.014291708767184 0.023493599432075 0.025533269061394 0.173106662104803 -0.107538055495277 -0.014230399091366 0.069455968571531 -0.052578154607688 0.080812341495465 0.064440301645994 -0.061148892952589 -0.017379903663279 0.164879673300815 -0.149063131468667 0.074746342423379 -0.027418732258069 -0.029970414600468 
-0.009445646836375 -0.002514590541661 0.006345398076917 0.010037958218464 -0.032781813589720 -0.007358934054607 0.043795444560741 0.101316253785812 -0.021011301838650 0.025470526703329 0.003282330754520 -0.009070403775986 -0.008996476013010 -0.001550094386489 0.008958759483155 0.007106302140183 0.013195146182475 -0.026933246524352 0.050968163592732 0.106521301782706 0.122415592917090 0.108474965931842 0.034938815458623 -0.047141384171292 -0.079231208837635 -0.086056047745467 -0.058066745717813 -0.022294182424634 0.029630582153464 -0.030146710311619 0.027238045976134 -0.053923279014671 0.009398700051591 0.024705623561262 0.030551820103560 -0.063407909654223 0.320706111871651 -0.237402936001733 0.111095275700838 -0.008018736250817 -0.023747443045759 0.025303153373554 0.003414640601731 -0.008886442596626 -0.009120811936378 -0.002035742640597 0.009539506773085 0.006383152758182 0.015790096047611 -0.030023089494959 0.068244706014625 0.115131897374671 0.125921486914710 0.105361831696127 0.028188446650593 -0.050048951317389 -0.077027262598490 -0.080425860009881 -0.048574659134208 -0.017787003063235 0.024564989557290 -0.023651262878835 0.024948441093545 -0.048530162183476 0.009893766096212 0.012302937675026 0.711234009493528 -2.435480808469662 0.811313395488721 -0.269467627307053 0.122667052200038 -0.060224073501295 -0.028115101520021 -0.070866644819392 0.013587967047268 0.069316608239909 -0.012471284210242 -0.032807763925243 0.031602593780884 -0.096484717661724 0.030005081698558 0.099854476322600 -0.018243360472829 -0.048450325041108 0.030520718079433 0.021717835447228 -0.038209742242988 0.067621535979496 -0.034139775953209 -0.060317800230494 -0.002219941690992 0.109410607308737 -0.089028558058485 -0.016649328938274 -0.033085220568034 -0.075158766024974 -0.019168287303574 0.018832931284187 -0.007038046783814 -0.118254985541559 -0.007950957861450 -0.044066504021003 -0.008022355747058 -0.039407724060621 0.043117744270734 -0.060907919044050 -0.025283234490613 0.031782470568507 0.033900620918044 -0.132799295786576 0.096900203178343 0.016514167187549 -0.044532482379865 0.081148929861140 0.022044810312753 -0.044107689688282 0.018419727698589 0.080537118198088 -0.062710718931962 0.091653561961543 -0.016093292239104 0.140059320396348 -0.089531602477246 0.128950532470793 -0.066905494528340 0.070820501814901 -0.082380538551845 0.230846541611809 -0.230191861834957 0.148286500705757 -0.068795886826061 0.003333288896625 -0.023097170889203 -0.072072021736709 0.013831565646491 0.070673284329000 -0.009695588327795 -0.040378992259517 0.029433921756914 -0.095392140107105 0.029786867934979 0.100727714057087 -0.018587328730371 -0.051680343372318 0.031171583209264 0.021887955127258 -0.038456265413285 0.066182334005543 -0.034143122770127 -0.062489907238404 -0.003550700766392 0.110025297997499 -0.089345950688296 -0.018483075345654 -0.033487613686395 -0.074463044673776 -0.018081683493395 0.017304013288077 -0.005595120173824 -0.118938809727891 -0.008199229464722 -0.040504199522729 -0.009276287888764 -0.037593145751679 0.042129092640416 -0.057653267483233 -0.026174418107313 0.034563374159168 0.036038006616415 -0.137529139870565 0.098700004364960 0.016872290974895 -0.043804105647090 0.079935690079416 0.017652386265338 -0.033740268648644 0.014410659989607 0.080324025944353 -0.060824544326228 0.088194402207252 -0.003808427659547 0.111880806159963 -0.088895691360288 0.132449319445517 -0.066873596582384 0.062375615475478 -0.129552103077995 0.374345896362495 -0.232615865093382 0.119830653495734 -0.054762971655536 0.002729259437052 
-0.049213602286493 -0.001410035852591 0.030757628555869 0.036521712164308 0.011652353921566 0.000241525469917 -0.030112957699176 -0.090080916320278 -0.175285745336514 0.078000465628820 0.083702381097160 0.029084147445088 -0.078974354149212 -0.043824273081132 0.053808613767272 0.044193753954837 0.022650030515362 -0.097031612885824 -0.020508505737333 -0.036113229397056 -0.032610104225875 -0.017397879277177 0.013684152057541 0.044499757739389 0.049831176108628 0.048900617716994 0.035603298760344 0.020265690125893 0.028412117982223 -0.019566522445053 0.047085385167527 -0.044550904529470 -0.027520360585934 -0.002571649642723 -0.009791587152297 0.046257750037355 0.097685211719883 -0.247269060759273 0.098032487676885 -0.095157702948634 -0.184387711345039 0.075057961266287 0.081855648348578 0.031417981373691 -0.078492328506744 -0.047532364226136 0.055549876705183 0.043152435737091 0.030914506830753 -0.109164645816189 -0.025924663155481 -0.038333603025477 -0.032399156856887 -0.015396098059586 0.016098447301417 0.044910980687413 0.047370718537372 0.046016343789745 0.029287559256868 0.019800831697384 -0.002046634901146 -0.003407917030061 0.038347810265122 -0.040075100480561 -0.013991891563792 0.006236696427532 0.431279806227854 -1.505877228307488 0.489390568021828 -0.168075002313712 0.115900010890774 -0.018862769280382 0.201691673784422 -0.095945137518190 -0.041410984686260 0.058759823841884 0.055470789258338 0.003758267678406 -0.011997799798979 -0.030313866095459 -0.066997056034804 0.062407058477428 0.095642992450897 -0.012757458383254 -0.068717170573541 0.018531350228115 -0.030291922060320 0.013171427921201 0.120350908586867 -0.010689009681041 -0.076832614658815 0.060211438664496 0.044532113562719 -0.048453327245186 0.114723447780240 0.000792945144731 0.057042251829841 -0.015597284781478 0.109758412070437 -0.112344926215544 0.048191805591480 0.031549524102261 0.073613918849420 -0.066062702015158 0.034600589313546 -0.054264207825443 -0.060890277882126 0.067020439905585 -0.001517255764043 -0.057451837822240 -0.049072209301972 0.042702997419882 -0.144009959195982 0.079958725731116 -0.061942356033281 0.073745087120838 -0.098042411473294 0.120105929365086 -0.169260004635213 0.073847897637711 -0.094194613952659 0.183877404330057 -0.120845402766400 0.144391616852941 -0.122986676494334 0.044901328412479 -0.005308393055292 0.081425221484852 -0.078978751495120 0.151261681656369 -0.059035324179952 0.041145275356869 0.200296589547016 -0.094688210528884 -0.041780925018630 0.059740518640268 0.055642242166178 0.002513820203346 -0.008663080691389 -0.031315905891269 -0.067275372990902 0.062698145138421 0.098696305641756 -0.010720944685681 -0.069219255116880 0.018481089861561 -0.029147967298622 0.012065507793423 0.120529022682294 -0.011287023091967 -0.076466557981939 0.060218805090306 0.045307506941541 -0.049412605966063 0.114312396876463 0.001690504539635 0.056266597732706 -0.015840670354468 0.109807505968587 -0.112871250276218 0.045751498342572 0.031626768598661 0.075870214161792 -0.065673995566178 0.032397045116698 -0.051963778598935 -0.062619527628691 0.067096131632792 -0.001772848290817 -0.059739194543255 -0.048510455542629 0.044327029239662 -0.144208321026628 0.079518345694184 -0.063337841251484 0.080180461068987 -0.099093048789633 0.118302821481963 -0.164956305229714 0.070540326042287 -0.095317818265385 0.169018974612218 -0.118908496818189 0.152034362748897 -0.119988597825183 0.048639559214664 -0.024818951709074 0.171052298604122 -0.086964345381926 0.109038141262552 -0.048223564692875 0.023708744419757 
-0.011107118432405 -0.003893956818052 -0.000593947173235 0.001300288177112 0.010367712883766 0.006459656406521 0.014969100793257 0.003660969602711 -0.018526531269297 0.011265558788712 0.009802928443924 0.000727604375515 -0.010332242762613 0.007331767968489 0.009159719552145 -0.002397246187282 -0.010255871930378 -0.001092410602669 -0.013033682895670 -0.021789320560188 -0.007570039578791 0.005146212899799 0.017762139267406 0.019588867625570 -0.002075245764839 -0.012652080821204 -0.010702427702111 -0.003360007493475 -0.010863002050679 0.041132735812748 -0.061117273945361 0.108410580979329 -0.063619229347499 0.007252302753087 0.051979005015720 -0.046448052491757 -0.054414712351553 0.333840205571718 -0.125835560893389 0.066472811516791 -0.020924845664651 0.011547714977160 0.009322865103855 0.001269210000361 -0.010680990202683 0.007209543209502 0.009427561584795 -0.001947846681150 -0.011309691371959 -0.000509945864967 -0.018332742912475 -0.020842776018999 -0.006537700410011 0.006412892273825 0.018219059192020 0.018395439455235 -0.003803585059420 -0.011322245499365 -0.010859591255231 0.001753928774867 -0.017219015179847 0.049262248957229 -0.062354321716792 0.097521494228047 -0.053897111157241 0.006190839422364 1.189653136947186 -4.051508180154385 1.329083082794977 -0.463892957553729 0.165557199655519 0.001432323825926 0.087002994257257 -0.304840127494063 0.164733414317176 -0.185358372875746 0.103436744498446 -0.012331076013212 0.079863760275760 -0.222177408648754 0.150833816185610 -0.191428321893841 0.099159219004751 0.020941746993133 -0.026247063358260 0.091043673777885 -0.008865878644039 -0.072178635529113 0.034356249550749 0.029796240101444 -0.078342335237614 0.267246981138576 -0.114676425335068 0.069148866366989 -0.032045439231480 0.029071111955349 -0.004782678540302 0.025811559759035 -0.070379199823187 0.169548348869842 -0.055237651296364 0.006680929108434 0.020787571734683 -0.121770304493518 -0.014888086687434 0.105184410171190 -0.016668918243495 -0.035018445852299 0.092104348569002 -0.250869616414913 0.076114562217494 -0.017592718750126 0.040715530410378 -0.073460422579236 0.037886153356236 -0.050835801012206 0.044577527005822 -0.082291786958302 0.060992568874229 -0.076697559696340 -0.072862909443134 0.275707622088359 -0.050467071778464 -0.092442339276478 0.053011400270336 -0.048798152594429 -0.128341955784329 0.278101421169087 -0.048611180411307 -0.162189501907190 0.061526573265708 -0.033653786434280 0.088348373836493 -0.302069689912154 0.165850851235144 -0.187314557624422 0.102815717938002 -0.006345404117251 0.078635414573715 -0.222341122485458 0.150997612844955 -0.193413774917188 0.101131226452724 0.020441621680278 -0.026071209282753 0.092698261822860 -0.010312608130378 -0.069475731089089 0.032426214131375 0.030202314742330 -0.079154418936759 0.267137609986836 -0.115635937199120 0.071612155825343 -0.032340152275577 0.027906879622386 -0.003674504876430 0.024384086571597 -0.070217756646498 0.171022741655966 -0.055745491730519 0.005841336341066 0.019517457792743 -0.120299692900255 -0.014406880232215 0.102129108615718 -0.015223814229978 -0.035838795217291 0.095816102390590 -0.258694202116862 0.079880337600318 -0.021239320948892 0.041420178164253 -0.072877003244281 0.030960911513952 -0.033962055312004 0.038711869731783 -0.078186616375862 0.058685708252840 -0.073518825155318 -0.052923227454910 0.226260825074669 -0.031569967759591 -0.114117666722853 0.058835587948406 -0.047497537583831 -0.211486713555308 0.539311199585435 -0.148491161405935 -0.058349033241450 0.024472408480436 -0.022556284427474 
-0.004636379993920 0.004109857271270 0.010342025526516 0.011831135012467 0.002155326737016 -0.001991762805232 0.011547174740944 0.044103778393524 -0.041707028970886 0.006343238335117 0.014522310977089 0.016529389616538 -0.027784712296521 -0.041685063153677 0.019171055052687 0.025973203192135 0.017427032512936 -0.035671405585792 -0.006066640667932 0.003139473254150 0.023997016840090 0.044569181339154 0.048201971383564 0.032980986953723 0.013215503225505 -0.007104245508161 -0.021444303721843 -0.008551310053091 0.000365500443712 -0.028638055434709 0.011771135350973 -0.017820693293907 0.029102712645111 0.002229842999602 0.014609587044264 0.120660375386933 -0.230465529445830 -0.205805213192573 0.147891142281537 -0.134358385993706 -0.041754167628594 0.005385691896341 0.014134610734993 0.016792171919003 -0.026801350993202 -0.043660647239008 0.019476911851288 0.025339235785454 0.022155934911243 -0.041724653090855 -0.005135660367506 0.005098046595708 0.027221501199933 0.045702853047230 0.047479527123427 0.030670677171675 0.012060149182672 -0.009390891585066 -0.017654180349869 -0.009120961483028 0.002337208796096 -0.026072675588841 0.001431833160141 -0.022100290073612 0.012771466179050 -0.002796620242613 0.019915153091919 0.063215003447535 0.001891193525333 0.042725965324856 0.015866113717489 -0.006826614220314 -0.168007987607499 0.144393616674353 -0.128641454490774 0.015642314239632 -0.061483310409633 -0.008480839164537 0.059209618076121 0.013489134030226 -0.059760769653582 -0.004301569066734 -0.021867836002424 -0.074122561593205 0.058895009234687 -0.028150032102419 0.007467376769753 0.012818110852891 0.034512522628805 -0.119524867451454 0.028014136316822 -0.060589892045833 0.084377412864366 0.017924267950267 0.106416096577787 -0.160265280705864 -0.051221325465832 -0.006576585850236 0.061483144021143 -0.032904144740240 0.169718758880009 -0.235894428195078 -0.022171843562171 0.022988488656110 0.009440337507962 -0.030723814880471 0.122251278277062 -0.248710310287145 0.024074968830907 0.011248322180242 -0.067085661941998 -0.007706254503396 0.019510765398320 -0.217121593121003 0.024902034803917 -0.036155934236288 -0.048120642079621 0.030167160018400 -0.041381425282685 -0.145357190891287 0.020145895503661 -0.048624220459077 -0.019009639872697 0.042743299564972 -0.066402496836125 -0.059126425273027 -0.062194498805690 0.003018813234845 0.086073960947966 0.128969358123783 -0.086350592947091 0.078696037264742 -0.159444946852983 0.138799362690586 -0.124360883233854 0.016771918895110 -0.056906809900697 -0.012532345345204 0.053736555224445 0.016753500590584 -0.062601317955229 -0.005225175085764 -0.022959005691339 -0.079205855173597 0.061477288387363 -0.030145305587812 0.009809194210316 0.013993454212095 0.038077416237011 -0.122125263754713 0.025231867117144 -0.059246643085788 0.084063884270058 0.016918953474470 0.107998988853177 -0.163516510730992 -0.050131809635069 -0.007076931736353 0.061607082242346 -0.033354085104369 0.170272082985929 -0.236853160030142 -0.023837185684371 0.024259479226137 0.007889891196006 -0.030470669332283 0.118345533477313 -0.246126746650028 0.026734521467343 0.010175019607788 -0.067631916232918 -0.005196683584524 0.015484804908848 -0.210515578163648 0.022060267542058 -0.035749456586507 -0.047729234296627 0.027281161441724 -0.041566263390261 -0.137768177587856 0.027789414515568 -0.054363559655296 -0.011186807058598 0.057885292486784 -0.073939242499418 -0.043040143721476 -0.076615413062546 0.017561115282316 0.054588130420048 0.073710390077370 -0.054014443259881 0.054199501324431 
0.020257017846197 0.006305094775828 0.000296598359419 0.000063888173985 -0.000933102156010 0.001057686455621 0.007694166135459 0.051055355471151 0.038126840457486 -0.032261659489220 -0.009477454632923 0.016007695306420 0.004802210355359 -0.029933820449142 0.007129982585917 0.015448330237566 -0.001046128847070 -0.003634481776217 0.002503468027663 -0.007568532105475 0.002352372385944 0.021201034502438 0.044779217407851 0.034544604925285 0.008084140587168 -0.008970940494844 -0.021432012496106 -0.008665407570439 -0.000636665716594 -0.018847060726762 0.016637628916916 -0.076845861845873 0.115046678023709 -0.084704969077252 -0.031367578105805 0.070341376071896 -0.401472930100302 0.287916049681411 0.023193764567758 0.147562481981846 0.042930488706951 -0.032413909152604 -0.009320240235717 0.015313983199210 0.005958727139632 -0.030730963223181 0.006797899060051 0.015561394286296 0.000585992625219 -0.006027407735369 0.001205939999147 -0.007145752150712 0.004125635548913 0.023533143620749 0.045044788735317 0.031681178035699 0.006832742537688 -0.010840629846626 -0.017380730767909 -0.010586543483006 0.007801740495190 -0.021917755837824 0.009418411876567 -0.058761616156648 0.088199206452136 -0.062572870466841 -0.060904197417068 0.180041759448981 -0.066253698113474 -0.068582955980094 0.027725094970112 0.102060564476229 -0.025723924348121 -0.016085612757839 -0.061082677267724 0.150063732765106 -0.185747274040550 0.134460395289328 -0.016623531390376 0.045865846728323 -0.081155892222780 0.165104567516176 -0.269703598140599 0.275301087687618 0.010742365987855 0.000325627808489 0.013033041149709 0.035027817614021 -0.183945379772769 0.279723464281272 0.019002761215621 -0.030151290320405 0.087316623884977 -0.109703484748251 -0.037604948075197 0.191000611988616 -0.001763106391071 -0.029111643024098 0.035476925065767 -0.118807748652554 0.123374481589415 0.027650099878950 0.001486587416683 -0.007336601125780 -0.016733826779590 -0.045803888176186 0.131270027860218 -0.062184589766673 -0.026752253172462 0.065959746521355 -0.101759621475105 0.100087697095557 -0.005756445647276 -0.069624568536752 -0.023546502671189 0.052635743772128 -0.031720075994630 0.090755901359497 -0.062599468062405 -0.088688084830432 -0.002137024251931 0.003333433512185 0.052293603048504 0.048903776661126 -0.091734810536170 -0.049831346771974 0.047294573129614 -0.097295440235684 0.225788268037358 -0.150494300528708 -0.017391693829526 -0.065645164027915 -0.027834861768547 -0.013711491196037 -0.060934586481006 0.151722956874834 -0.194752473240733 0.150769866623242 -0.016101344702657 0.045056340492933 -0.081897777735241 0.167277272749784 -0.274133470648928 0.282458996305559 0.010816680885866 0.000194074073992 0.014922598674496 0.030850888686205 -0.181611849449126 0.281452739650780 0.019347931897736 -0.030893943456666 0.087781699345481 -0.111536362807530 -0.032842474025453 0.185987361254927 -0.002494172509059 -0.028157850316200 0.034205906037095 -0.118685800596496 0.126943584026998 0.022812768039497 0.001858367645253 -0.007668228691419 -0.017286356304405 -0.042349637184833 0.127998924370961 -0.062517513087920 -0.027349176440118 0.067211677051653 -0.102613641329717 0.101007204853226 -0.009410626444550 -0.069480007652862 -0.022737687912307 0.051190528753500 -0.030036006322971 0.091947353637578 -0.063535524722081 -0.083718913738180 -0.004142956888771 0.003507709134216 0.064193184482895 0.029558671087880 -0.090579033069095 -0.050155921411247 0.049709038689799 -0.093945891334987 0.167934253231915 -0.086647841765052 -0.012177771374964 -0.047520742713209 
0.004071648641721 -0.005340036677854 -0.005998598969823 -0.006741773241177 0.013688735877489 0.002031001021646 -0.010643986684081 -0.011458315604405 0.046133803261345 -0.018738335809223 -0.024905038343596 0.002823127461802 0.013655050735278 -0.010811479000227 -0.000205087812888 0.001204414857621 -0.009073279946656 0.015874768337750 -0.021894896281403 -0.043673169138427 -0.041642676533695 -0.027469510574452 -0.010027608507234 -0.001777941953568 -0.001464617146472 0.001399382958260 -0.000633747765839 0.005282631271591 0.049483552652895 -0.035603227956568 0.011771650130022 -0.039501543818961 0.111680483727892 -0.024085493714373 0.235090147879680 -0.314811214567080 0.618321964579073 -0.453297855074069 0.290579554745730 -0.260228081431414 0.046556754104155 -0.016772475569291 -0.025062917137276 0.002354356703886 0.014050707243499 -0.010655741898019 -0.000739783339172 0.001764525385430 -0.010046449430398 0.016905258969098 -0.028608400503292 -0.046851297314744 -0.041413660229536 -0.026450506462861 -0.008776853196828 -0.001783549973099 -0.001062066279179 0.000870326579098 0.000155664753166 0.003520988855576 0.055564660636765 -0.038629949977012 0.014976897474580 -0.053892671100286 0.085222616025344 -0.039920060384126 0.347236356006200 -0.863773744015225 0.266731290809334 -0.105286277997478 0.173807041010469 -0.143118721572426 -0.252290899694849 0.039946249176795 0.016090044057089 -0.019481022802340 -0.155058416152872 -0.001270226978684 0.041931894277167 -0.050314771701458 0.065939304235217 0.009994627740840 -0.187311098186930 0.006152482637136 0.106786663735533 -0.027238270893245 -0.003992050597018 0.045656590463754 -0.078881488546363 0.006799330519314 0.072319146738383 0.011762795709420 -0.078329237748847 0.083047173599036 0.056953639823728 0.015772843355912 -0.093218950856194 0.034210756527800 -0.027316047804415 -0.018514229389824 0.168232061741443 0.006884009198955 -0.138986523775666 0.054739643865979 0.004834732623540 -0.069902987285600 0.107066555521755 0.055665258548400 0.096243870568825 -0.104126040028666 0.116919300886702 -0.076525765082975 -0.061518301731879 0.111563902090546 0.116089132528924 -0.054599665420108 0.035176118020159 0.032032800717151 -0.186596151553861 0.150383305340777 0.050315370251091 0.057365853131357 -0.070414393990158 0.105241088957908 -0.231380045812378 0.132651742066730 -0.273553155137192 0.254657645413254 -0.339241488354360 0.259570898208944 -0.159678443266236 0.126716839835842 -0.236271820816813 0.034229608166074 0.017456507355230 -0.011947774146543 -0.158795853201535 0.004923701808217 0.032280511264758 -0.046546376256133 0.065170323183112 0.006238520681307 -0.190238463058157 0.003756038090494 0.111638097950532 -0.028845092151097 -0.004276630947814 0.048533455395158 -0.074304383003964 0.009370055058217 0.067181596919346 0.013989456239207 -0.079398046379795 0.081409687065570 0.059360421439573 0.015177787382555 -0.089333527431056 0.031834256733351 -0.025127753755685 -0.019878546383823 0.169858663941900 0.007637277490291 -0.145834659650319 0.058343121065457 0.003382224503559 -0.069842727861146 0.101625779117255 0.056417584276994 0.105053787948048 -0.109606924899953 0.119263110868182 -0.074219310021285 -0.064501655133526 0.111828033516793 0.103254092826471 -0.045419640587240 0.031423665835247 0.031191556760636 -0.184986614882941 0.144208137882829 0.084805793091363 0.038915503200848 -0.080598181231538 0.120351904536666 -0.229003754304259 0.135169676378252 -0.328348876687245 0.296376527827253 -0.271989512459410 0.185965521070974 -0.120484828189164 0.089040709230519 
0.032121107782553 0.019859940470293 0.003268894258607 0.003658784668362 -0.007499409728746 -0.007586555344213 0.007313248610762 0.008099761738366 0.003116436066443 -0.039516919698421 0.007199081363328 0.020046485503554 0.005139137154324 -0.017393575938100 -0.002079186129738 0.007329526161347 0.007077999178532 -0.012470008708913 0.006286604486064 0.038979587107564 0.030114883571646 0.013364915692705 -0.000873049331277 -0.003339295420830 0.004176525284840 0.010853995428175 0.015521136771054 -0.007110432369537 -0.052570998108002 0.033343627200403 -0.014204616774898 0.001637034250301 0.055244903185961 -0.025463045609874 -0.192510165117545 -0.130097313922377 0.605199724274766 -0.527303050850635 0.300024407397680 -0.220711807532859 0.011919075381277 -0.042345466215212 0.007948139025772 0.019224442532229 0.006271949694222 -0.018031927638402 -0.002006412164645 0.006572427311547 0.009442200484031 -0.015467657269106 0.014908647936447 0.040925640948018 0.029341246085934 0.012040037615853 -0.001562321500248 -0.002797015031525 0.004417241664365 0.011253522801252 0.012821444939854 -0.007775394002599 -0.057800551383893 0.033199759846291 -0.006746284586648 -0.005433634729053 0.033380336167802 -0.016969485084615 -0.165488616025317 0.025929557943185 0.003622591302889 0.070731359105358 0.005983305434502 -0.023311597484836 0.489119023672810 -0.257240727238534 0.156505597475835 -0.081669610385941 -0.064576549098862 0.028389031115878 -0.097256109441294 0.022902497845841 0.078535743166710 -0.046365807301259 -0.069822959320640 0.006749618797848 -0.204000049805862 0.099130572663967 -0.034181388994408 0.036532440116239 -0.047198101126271 0.012575233292070 -0.134334394045094 0.085329358620108 -0.118246768414634 0.099695810994658 0.023799647521488 0.009761479570463 0.182078952508369 -0.082904550378617 0.013790958568065 0.000002069280269 0.130662677001453 -0.040300970723275 0.196990388487509 -0.108236483378548 0.097142094051275 -0.050386936889731 0.105713867912304 -0.064640849661285 -0.118482555934250 -0.023294299766433 0.136866320739356 -0.099586901810259 0.045605928828640 -0.085748586103169 -0.153630947551179 0.043418384399434 0.007227162354497 -0.012954865064997 -0.029609967018403 -0.050390454163190 -0.092210696098148 0.071797671576160 -0.101237599455848 0.064062993054829 -0.087639713623433 -0.000827771835378 0.321355109284474 -0.041627240066109 -0.277209736905615 0.267610751080589 -0.150216395653607 0.108811327693577 0.457850971015528 -0.242710473426210 0.150727125892470 -0.078814469118926 -0.062120730535084 0.024199386552243 -0.079624843892555 0.014560490100777 0.082501961848151 -0.048669612433710 -0.072438364019902 0.007304111460760 -0.212188482210886 0.103323727309299 -0.037486003872696 0.039311892424651 -0.044566320410416 0.012669636586015 -0.125059438594780 0.081265934039141 -0.117111993559919 0.098944339075955 0.025360485894345 0.009889296036870 0.175836918353649 -0.080723817859738 0.014733216933460 -0.001051109219225 0.132166451154456 -0.041801024591547 0.206918975361440 -0.112725836292613 0.099188681888657 -0.051860902893099 0.103054999142348 -0.065174601306017 -0.130266109905959 -0.018534398356362 0.135100347340948 -0.097580038374260 0.043232651122062 -0.084124535652078 -0.137913619568182 0.037336346717599 0.007761032112531 -0.015583833759268 -0.029245121637503 -0.048960792419625 -0.138902501239953 0.098041976289957 -0.127960667963807 0.094318201820188 -0.101764737315508 0.015042896117834 0.396824260906717 -0.101922207576127 -0.171726783443507 0.153688977913032 -0.089365803179340 0.068169386398083 
0.013660147582488 0.004079277114634 -0.004184591308919 -0.005543601975067 0.012784727209514 0.004221191284864 0.014584968622289 0.037569221588338 0.026993592278198 -0.032915185037761 -0.010843432538725 0.014083201487681 0.020692969958483 -0.015184443643483 -0.011925012117810 0.004787889711019 0.001346334094637 0.011376021844046 -0.019131882349312 -0.022036728685746 -0.015029204770630 -0.005768627146372 0.008466909333314 0.011734520816379 0.003002296679294 -0.002205075042849 -0.007891880987852 -0.010675507756784 0.029026951498243 -0.007937705637302 -0.011190050473183 0.020124132300224 -0.054008145873194 -0.026531281728386 0.191669114912859 -0.291064399191254 0.709193359367097 -0.648746347272777 -0.161406840788941 -0.102868943208579 0.030900234698189 -0.032761886420818 -0.010761716189403 0.013384933262014 0.021461434694714 -0.014917089414175 -0.012681154307066 0.004839711097706 0.001518457034297 0.011607017217125 -0.023038920581178 -0.021914309896288 -0.014498468409915 -0.004703660474427 0.009169117115749 0.010798890857777 0.002634097716036 -0.002743481223361 -0.007007420968605 -0.010552431956997 0.030953847255029 -0.009738104003726 -0.006446405095256 0.011257035447111 -0.061996651898037 -0.020840742225535 0.042612182890984 0.105862238717577 -0.054659851605113 0.087059104536761 -0.044611582721279 -0.028754195732623 -0.163900940169359 0.077268298583396 0.042540666598676 -0.073690970241270 0.055612097235104 0.034901342193149 0.059662837351170 -0.043336194138925 0.103455722060904 -0.115589265397920 0.085595459169276 0.087749123979556 0.067935530675908 -0.028262523774960 -0.016477921390104 0.019498877730395 0.001971904493210 0.142650183094327 0.024618730063016 -0.002491748130473 -0.110415644355812 0.147713920257335 -0.084074964057520 0.178403389281285 -0.062593057556074 0.031878062630110 -0.038418724871279 0.056559745772852 -0.170458710104618 0.099358726601098 -0.080656693064128 0.053669847574956 0.012747861865517 -0.038730511794178 -0.124555299807520 -0.033804097794243 0.051716728833524 -0.056631276418100 0.143038050762787 -0.137765735423801 0.017254968051205 -0.140756850106589 0.071382677188790 -0.062920294146792 0.054822500433156 -0.029856711236527 0.094797230626223 -0.130514549367866 0.056975912069338 -0.030824855255782 -0.058759029290954 0.066004056303808 0.109768223955145 -0.061271542305473 -0.206729513866297 0.196192983308902 -0.375760844420201 0.366032715107193 0.079338174720437 0.050075572812627 -0.154521615851668 0.072086725909362 0.044536388569514 -0.074404269287583 0.061617894652153 0.045558954752123 0.053088059750867 -0.040083774194144 0.102524315383709 -0.116361022005188 0.082461085209087 0.089883647266347 0.070857483268823 -0.029371365178787 -0.017709886989715 0.023131550479924 0.001564902596397 0.146787409792715 0.021546144441607 -0.000743427445781 -0.111401458548468 0.148386099028341 -0.087496586658506 0.177289846146866 -0.060246220130678 0.030107997989220 -0.035885623368199 0.053893383938723 -0.170274893261492 0.094935186986987 -0.085008809766085 0.055792472753785 0.012280980417535 -0.040913804404685 -0.121654718506112 -0.037481052539408 0.057459852108636 -0.059648379219106 0.144827930283285 -0.136153867435650 0.022341993217978 -0.139929241545221 0.063174151550875 -0.059049784418121 0.051882276548601 -0.031292853242943 0.091045647154965 -0.124672877942915 0.077308408380494 -0.032697452996278 -0.078488296742284 0.098907238608070 0.116579062911784 -0.050110654732867 -0.227696928243179 0.167085943311078 -0.268792771029227 0.235004732801995 0.042224629221200 0.036253362186522 
-0.026664249309935 -0.014080173373002 -0.017095544517289 -0.022861567055449 0.054374093822760 0.020087467198957 0.123086231584993 0.347963253219378 -0.014321860188710 0.040180524978747 0.015672140817108 -0.027971950366510 -0.036966984064406 0.065128847930621 0.007569023361778 -0.040880947775735 -0.040450340365721 0.070198132176008 -0.080324784984331 -0.092229399687829 -0.039181511572510 0.031145711728367 0.111883225422209 0.088078175830131 -0.006174581632773 -0.077393568081060 -0.127349317229480 -0.084319367011897 0.016809368150573 -0.032657724875185 0.023992568977787 -0.004793299434873 -0.007069998462189 0.067588326080690 -0.063255480208067 0.117553479137664 -0.004118432369475 -0.114474753731983 0.061947212001366 0.310747177845301 -0.021892339796171 0.041624118282963 0.014770321853571 -0.026029266758096 -0.039649684765952 0.066340005255169 0.007951966341820 -0.038212533725003 -0.050851948135207 0.082621773436001 -0.098976467444866 -0.090020032951819 -0.033865502148693 0.038705031310564 0.114595398535943 0.078683968230528 -0.009701095550481 -0.082374058642389 -0.109859948570942 -0.080604377564746 0.009071307703692 -0.028541175415120 0.024367975810827 -0.005745935851530 -0.012357114802652 0.060806860143748 0.134395629757403 -0.514346884799793 0.187649133019178 -0.013865252500977 -0.063259915444799 -0.000347257307177 0.068864849155546 0.028473736925298 -0.013857378240546 -0.010165102647873 0.018725282679814 -0.092354785944445 -0.030062398868677 0.020150068397121 0.006407179022414 -0.019246809598951 0.067792402342743 -0.150435524927992 -0.021697404233115 -0.014467460467274 0.014181643164764 0.012113712727113 0.003093845745930 -0.076859393300361 -0.016434499742098 -0.016170497502371 -0.010512336044732 0.036511765614914 -0.062843435535330 0.038274276836294 0.007001256396900 0.028953761053670 -0.014312821850124 0.000553577455274 -0.058751113117090 0.152753172298367 0.006770616801382 0.044348131504202 0.008771427009644 -0.008709303763218 -0.026189017630012 0.107173206647510 0.011540320379813 -0.027454495299087 0.010687350615421 -0.011555378207063 0.038891764648860 -0.002451131751245 0.004117263696476 -0.038702170143656 -0.001065597333643 -0.008605883857155 0.082254772797613 -0.079802581753130 -0.011341288366379 -0.005026056428053 -0.001251794382383 -0.010748215457461 0.096136263337172 -0.113341734662594 0.010858760738055 0.035656847989119 -0.040641634725614 0.077227188991983 -0.050891418496602 -0.107567706579365 0.067480227352700 0.027741813306369 -0.014306291748543 -0.010812150103300 0.025077740606005 -0.100493552923347 -0.027998789710970 0.019760255680025 0.007181642443287 -0.019355530682201 0.066259163110295 -0.151702564393783 -0.022759534654102 -0.014444084617566 0.013543249337153 0.013383245255926 0.001752637904774 -0.075046728742703 -0.016023211402586 -0.015705376886356 -0.010469966381648 0.036004861726020 -0.064113831907457 0.041894527927452 0.007115043035377 0.028480214998788 -0.014077996015797 0.000039867181624 -0.057965384179539 0.153840586320341 0.007817180861607 0.044580251928604 0.009199605386822 -0.009076496330921 -0.024476654066859 0.104302687533549 0.010058263199385 -0.028000516304117 0.009663487862582 -0.010580326775737 0.039644657420017 -0.006706700364369 0.005676926299649 -0.037592260281386 -0.000183700588542 -0.010905131882003 0.083783561553039 -0.075592810695925 -0.013759350119379 -0.011090434407011 -0.001833593422593 -0.000749162883374 0.084159285572085 -0.129008373538610 0.006132615665815 0.072337078215779 -0.047269243766467 0.047748213270984 -0.027208529417302 -0.045239453345934 
-0.126168851137293 -0.063068363877077 -0.042437972385522 -0.058476769433164 -0.024794859949475 -0.005440199299394 -0.033140128493649 -0.112812712304999 -0.093264083694891 0.164144133877192 0.053718295091971 -0.105245508759931 -0.123085199181913 0.211658852012574 0.034213340536063 -0.121412315238781 -0.134418251514371 0.189283906713571 0.039266850403514 0.057242979340043 0.036539366379489 -0.002335412350014 -0.045177559342550 -0.035166760266471 0.005306652487951 0.029591418012204 0.047104605869300 0.024444615089475 0.052867235628162 -0.040550358320682 0.040715749422608 0.000993862898448 0.025848979890204 0.016516399168044 -0.010942060626507 0.154566335704232 0.126319681046111 -0.050585535148393 0.013367739726797 0.162588000127113 -0.126366211047597 0.170982135270266 0.049905860688686 -0.098169596852161 -0.132418181746615 0.215617612300575 0.035657895689998 -0.112906520915566 -0.166336739886963 0.225995789695693 0.048817407615244 0.058831350041680 0.033977823625390 -0.006130253309469 -0.046752478802324 -0.031040717186209 0.006402971005545 0.031479498471324 0.039779412170972 0.024738329631595 0.028664680989212 -0.027179216832725 0.039001051185939 -0.001175139106345 0.028473607093939 0.011294603951500 0.177685052701039 -0.496570173265966 0.157570865477798 -0.015009464368595 -0.031960552641312 0.102732503060904 -0.104952732435137 0.160432310287932 -0.060827563517887 0.000921567384071 -0.022605316415041 -0.010325274034047 0.015731807271962 -0.053242826069697 0.022801784202795 0.002363086550625 -0.039943587367017 0.031134691122876 0.036259099672296 -0.077193545922393 0.030541418631423 0.004771968700156 -0.039819897602264 0.055824579277999 0.033495478899297 -0.036025191545147 0.011975422942306 0.017527710219509 -0.003900657546260 0.058665910424937 0.004966597638233 0.040077148764503 -0.017290769680983 0.015749430146982 0.056147589224234 0.009849002359578 -0.057580755517991 0.047898502256062 -0.022421238720180 0.014031763751555 0.030471746862481 -0.035026043492844 -0.012485957125608 0.013318732890001 0.034252268191071 -0.004675268766709 -0.016581371515720 -0.018862184600680 0.041999206439155 -0.052172977761232 0.040260435886676 -0.019270459814441 -0.004620632162569 -0.039142237547620 0.073738519630073 -0.066546206629274 0.014210661155909 -0.020754018211468 0.012453817370202 -0.052985743941472 -0.128346914333208 0.108578179809595 -0.123530562745476 0.038929250147348 -0.013211736233435 -0.073979462325624 -0.085141358697882 0.148951780005550 -0.058303877705719 0.001213687181662 -0.024935194148607 -0.010867082133515 0.009062994179120 -0.048801617387399 0.021740078567158 0.002290892104568 -0.039776884495517 0.032170393936246 0.038771668816495 -0.079026852330021 0.031314146200045 0.005189516943740 -0.040787801638542 0.058793061696122 0.029011554242894 -0.032993099761222 0.010726216267067 0.017497973279759 -0.001765624919513 0.058054358939975 0.009478042572447 0.037546418565068 -0.016204160799103 0.015469008162883 0.056472969705050 0.008503340209870 -0.059257597940879 0.049239312335124 -0.023140442671671 0.014085452044115 0.029213287326682 -0.036422270182600 -0.012688814234963 0.012435638920632 0.035664579656196 -0.004956076680805 -0.017562466846073 -0.018116593878408 0.037769300509738 -0.048664421335937 0.037784678652957 -0.019708628076251 -0.002774933526146 -0.038469433169592 0.088599907324048 -0.079311065971432 0.014237811082625 -0.017807738573965 0.009572117499989 -0.055798396646332 -0.154396402205976 0.150362092690984 -0.112731767693855 0.027571779247900 -0.005359211623967 -0.049949256715232 
-0.019960038122324 -0.009138448315476 -0.010343909408903 -0.015640726416236 0.042596891360547 0.008824133207535 0.075657243558136 0.193285784723629 -0.018254975358549 0.037995351936585 0.014624513984056 -0.032418638048535 -0.037519257216553 0.067744995458368 0.014329935734978 -0.038795052036854 -0.039836309816611 0.050883030769909 -0.068673469550023 -0.077571872726198 -0.035344043350416 0.028019532322106 0.085700228952154 0.059728073353374 -0.012576367986105 -0.060281653778003 -0.090697178899922 -0.046105402491203 0.013794088028956 0.007496241199815 0.032957114788384 -0.011688869998326 0.049930314015459 -0.128502085183312 0.106138036751299 -0.352982705537793 0.331860546920491 -0.227515886654463 0.481154114166197 -0.598058840917025 -0.024225841487271 0.038640970903814 0.014168720043474 -0.030689969344502 -0.040122821560441 0.068706087455466 0.015205437635879 -0.036618856046994 -0.048775618676829 0.060838167766008 -0.080761287108401 -0.077347125891529 -0.030039117340378 0.033425103819213 0.087165442888684 0.052799615415439 -0.014747605052443 -0.062922293004273 -0.078570940711337 -0.041056844155574 0.002663865100278 0.013978798383206 0.019145694817901 -0.001885873957053 0.028058595409357 -0.076502119774214 -0.452392460852724 1.558514235934363 -0.529225610048077 0.158509768203593 0.000977600355118 -0.257275673695115 0.092526145125358 -0.113710033596027 -0.055624307734597 0.022767402480119 -0.067489806690979 0.187400158182259 -0.019198586509566 0.033028090415098 -0.000265871382715 -0.003300840497518 -0.036241896640380 0.196264851415508 -0.056865320365711 0.069296359134180 0.003598750395186 0.025385367834101 -0.038269795813849 0.101538379880876 -0.036406364989861 0.029343601514673 0.008643657364001 0.034746086210455 -0.015214426014649 -0.054875226414032 0.066690823936280 -0.090042041440360 -0.006009087827049 -0.002330733777805 0.070617036380272 -0.244367402754346 0.015925113363070 -0.030938518746395 -0.035570781668881 -0.014820846046413 0.058441634450080 -0.167942669601656 -0.058095537174762 0.099016389343714 -0.001431482997688 -0.026367746917128 0.023192453908078 0.039772121052780 -0.006213453600808 0.012314050691630 0.031348951259759 -0.008270647954087 -0.061789453190944 0.200199776422860 0.066785537289099 -0.112825416775330 0.044647326026023 0.011177320702589 -0.117002321583707 0.267560357129769 -0.010369689703118 -0.019061280654466 -0.098004362925986 0.094545040246012 -0.226488246176174 0.264829039164454 0.092950559751390 -0.112809570480562 -0.051655305369855 0.020749202729088 -0.068159578533732 0.199820025105041 -0.018291875265856 0.031995319579422 -0.002592977603857 -0.001772482780181 -0.038194140904973 0.199098979799659 -0.057599164896261 0.069883537219339 0.005690325349006 0.024795919663270 -0.035838006928892 0.094079866416343 -0.035805330998999 0.028319913043142 0.006878421632385 0.034900353735267 -0.013657064573257 -0.062254867733509 0.067075039178887 -0.089559124372212 -0.005138924313859 -0.003509782217044 0.072442340888422 -0.247819679048270 0.016997512053542 -0.032634881576821 -0.035951796387275 -0.014416707326403 0.055546754001307 -0.157512445258020 -0.060342309400506 0.102759466950432 -0.000233040370494 -0.025710116774155 0.019884878586055 0.047390168712555 -0.004678553087832 0.005418219439633 0.031442880473280 -0.008770765571954 -0.058804602639533 0.195592478582240 0.062268859974042 -0.089156290059335 0.032707048061252 0.020620574093519 -0.136090517455080 0.277113336345136 0.025913865651812 -0.146628340428451 -0.026147856949226 0.047226083766304 -0.130326290219357 0.160971043967730 
-0.005594199268935 -0.010896732255605 -0.003578262622780 -0.004951741987391 -0.011848635191877 -0.010392345209916 -0.026885500771292 -0.090569011504768 0.042550129035298 -0.010829844585706 -0.025482464867493 0.004882092812752 0.006898011752418 -0.014153738789902 0.012035647467482 0.004850308443920 -0.018502704532332 0.012532806972125 0.012283599846480 0.021796006619322 0.008687308861500 -0.009509203206142 -0.036498914582181 -0.027430644432748 0.000134830670710 0.013713374752176 0.025920525102073 0.020833954097447 -0.022301286322202 -0.003460026743130 0.027049240203589 0.044817640096674 -0.098733103164835 0.037657198101391 0.036323329387970 -0.234007037726974 0.276061590301462 -0.991151051087994 1.404857181493821 -0.343066255591831 0.040585263976625 -0.007907406729226 -0.026110917739091 0.004700473014018 0.007263701717442 -0.014324340914718 0.011627377246012 0.005873736646502 -0.019784104050387 0.013061716244107 0.018232489233602 0.020646728053680 0.008014809725279 -0.012030691854134 -0.037265530292139 -0.024681605189488 0.001066001284124 0.015043675690108 0.022249596330290 0.021688804171781 -0.016022919759956 -0.003751185790322 0.014701282155995 0.012437058441124 -0.046796928701733 0.022403527573619 -0.123062781579742 0.398223140842162 -0.154618539289529 0.272727443294166 -0.210376495314914 0.132733415129644 -0.011787393543809 -0.037113325656576 -0.114471559442908 -0.154002094599457 0.229707479202011 -0.082964425695950 0.036301569370698 -0.001709584191689 0.031513382412791 -0.159374895909055 0.257539605002381 -0.107707841436814 0.009002975285861 0.018320803982530 0.043203533818481 0.047583134556986 -0.036294927028600 0.021915781877655 -0.021606959461125 0.005522307630931 0.009858750114609 0.186206713766579 -0.317267913376887 0.130555085659369 -0.036073287466348 -0.012944269589917 -0.052889249174274 -0.003127146720046 -0.096013389832797 0.080017976578803 0.015654806651538 0.006623612903718 -0.035312106506578 -0.047245326317536 0.083115670883134 0.022588426700778 0.009099465011311 0.002787629459445 0.035572727261407 -0.133521994689509 0.263439436825100 -0.072745158481195 -0.015623663472168 0.013656847417084 0.023422661593706 -0.030674895826460 0.055340677515460 -0.049450063687254 -0.013594164050577 0.009091281579782 0.003750926577407 0.056012511753021 -0.131444661069811 -0.009284126687788 0.025804773499869 0.015725436859174 -0.119871375350707 0.514865733548513 -0.734683993121382 0.186882829914730 -0.012278845027459 -0.036700024703880 -0.108895918457217 -0.149828335234706 0.228397889975655 -0.087782978700672 0.034809412791855 -0.001064630161218 0.028103039506898 -0.163114031876673 0.263103144767566 -0.107548441081980 0.008845408973804 0.018256069044384 0.045227148958044 0.056076388252592 -0.050289048452119 0.027381041460413 -0.021428477339280 0.005477395498659 0.007422551543761 0.182975736780880 -0.316182551601970 0.131670270258963 -0.036672013105933 -0.012713628660019 -0.051629765440072 -0.005222992299054 -0.091337942693357 0.079074604168682 0.016338254056197 0.006025065878292 -0.035253732702263 -0.049887753371946 0.090777619562715 0.018525085551481 0.008315274891737 0.003556462734738 0.036421126850950 -0.128302478757456 0.254822506436036 -0.072452971985135 -0.013337799071314 0.011370492956419 0.023663196237502 -0.040642043432331 0.065174457327686 -0.052708969580963 -0.021929181619952 0.021765882149550 -0.009756411136499 0.123404544334639 -0.223295888776551 0.018975752459322 0.046152094951851 -0.036163530295127 -0.063929592457934 0.273834087922838 -0.415656041604771 0.102248495081695 
0.045747513613885 0.031307868031187 0.007384964183382 0.015579505444892 0.006852538975679 0.005806286262738 0.024975946291681 0.085005477604974 -0.012162721168273 -0.032418104176141 0.014596452939404 0.014536730693154 0.017892489229776 -0.019654826316313 -0.019090335551637 0.013354000116853 0.042303653521837 -0.045052763634052 -0.007339503998984 -0.008713553428910 -0.005753914683939 -0.000362152377692 0.012960065764094 0.006071472901114 -0.005377363483262 -0.013318182354887 -0.023396872596251 -0.020329971945889 -0.008109801052295 -0.157662772874458 0.086604984637049 0.027494155731789 -0.002004085661313 -0.060027844744840 -0.458180524874314 1.397098682821741 -0.461749769092681 0.254912062665801 -0.024992566646618 0.102983567228540 -0.000364690838847 -0.037812819845589 0.016496635797775 0.013076160756327 0.019370838235164 -0.020214545647574 -0.018754107814879 0.010593740834662 0.049318006375947 -0.051939393065374 -0.009723655996559 -0.008180467700539 -0.005842608896342 0.000654215113712 0.013342968539242 0.004665609624430 -0.005098279003837 -0.014516720852248 -0.019794004738963 -0.021588216605940 0.005046553982761 -0.147225616369949 0.081824430279026 0.027693677343419 0.009584099979358 -0.022197285215097 1.739382324878056 -6.090288736836814 2.081329324772279 -0.738152114331183 0.331969620802416 -0.143244615317626 -0.305180005253253 0.757917274303319 -0.296131825822757 0.042303291005883 -0.001816735479399 0.114011868296116 0.150163693263136 -0.218376740672960 0.095047602748943 -0.068001320770262 0.008794515608622 0.095662649334476 0.114394386150050 -0.301177094973779 0.132825914980773 -0.042836808017758 -0.027781863765804 0.037261909698658 -0.009956864659754 -0.100363846294713 0.032163260962972 0.018558359913179 -0.048027153956946 -0.021997826732073 -0.149748664092927 0.305146777138885 -0.140136963486047 0.066769776799233 0.027624759630196 -0.049231182632868 0.054241020504964 0.099240991905885 -0.024645376286312 -0.002613205175642 0.070864184267988 -0.041758724651295 0.096820570566704 -0.241804994173281 0.104182690793479 -0.033350075195672 0.014784504489439 0.050456498697519 0.006985569397359 -0.166640190976066 0.055812662379681 -0.003010960302094 -0.033888358738178 0.067079616717112 -0.092234196933517 0.173133965323482 -0.062625890982751 0.044035988397677 -0.054551805815640 0.050514965573285 -0.010134772767063 0.271618252731337 -0.109971577596053 -0.014730062674887 -0.043898417400859 -0.024136692232309 -0.304629177414502 0.742433834557127 -0.291793852314516 0.040404622000664 -0.008884823396434 0.114610939306443 0.148121164402102 -0.209513658538595 0.092490116229649 -0.067316540061774 0.012116617119230 0.098713065623023 0.114810555961561 -0.306310022697516 0.135251850480655 -0.042840229558169 -0.030753059027671 0.032316611130574 -0.011485722042355 -0.093379131424677 0.028965073131369 0.019436771463946 -0.045143245525463 -0.022463733905839 -0.149913929890876 0.301227715303697 -0.138804235767620 0.066094828405995 0.028663349127717 -0.050484514828156 0.054411301134557 0.104750818299677 -0.025954186610632 -0.002361462855208 0.069779278232660 -0.038148931544287 0.098791304465468 -0.254790034730085 0.108508672595744 -0.034491712353659 0.012322125601076 0.051146673017603 0.005273617077059 -0.142076788012257 0.046505062028453 0.001551703147358 -0.033706024000932 0.066617865025965 -0.081935977414808 0.086441502852707 -0.030434868753351 0.024891477291077 -0.049371900282207 0.037199705934084 -0.127322383938687 0.737738803365048 -0.276922243674774 0.068322909897398 -0.062873091533654 0.004520084465902 
-0.002696603736157 0.000978730029811 -0.001335558243385 -0.002355531121777 0.002646240804316 0.008797422989157 -0.003353299618626 0.050667668140917 -0.014932085418532 0.002562502656134 0.012599338167993 -0.003968659172693 -0.004851617354253 0.013733224889358 -0.003764019192413 -0.005111066814105 -0.005393458961346 0.008758663217314 0.003208930627983 -0.003647463391908 0.008715345139298 0.020628559701826 0.022461824028345 -0.000450873129913 -0.009898770101110 -0.005395855407082 -0.007787133568736 -0.007407402582739 -0.065568091574826 0.158028341738199 -0.273592219462236 0.154376530898186 -0.085282143324820 0.024793762414773 -0.071853101430776 0.248627701878437 -0.967483590326109 0.330340716148001 -0.013047796121979 0.134316691214895 -0.015170082205880 0.001986169502754 0.012517067923202 -0.003581581934753 -0.005379480299892 0.014120574147408 -0.003788354630010 -0.004746739021744 -0.007005387080763 0.010818262980366 -0.000131741110294 -0.001817952658471 0.010045390906450 0.021642533453824 0.021340910687668 -0.002226220903350 -0.008601726978204 -0.006349722937228 -0.004211680958081 -0.014023452570209 -0.056158735881476 0.133988210604726 -0.208560196824100 0.107808022786733 -0.034080691383399 0.022814915581041 -0.305447598623029 1.065584185006451 -0.306311867000755 0.009429544363740 -0.001634632662323 0.012445666558942 0.023472661593933 -0.200548915068332 0.594642334571060 -0.312169327406978 0.199269316813438 -0.032409995365554 0.045992474754606 -0.019698409527878 -0.020307976090702 -0.036704781624848 0.017007673565759 0.049666589609514 -0.007871856044194 0.082425414010358 -0.236757666578129 0.096023173099700 -0.079147441688990 0.049700952538031 -0.035303586940025 0.092924842445302 -0.206425957424932 0.161259231868547 -0.116842960875732 0.016085805792804 -0.021285779787039 -0.037413035563076 0.187175300463784 -0.041006725323671 0.055366899376255 -0.043592653095422 0.046149529968578 -0.120727052078832 0.254095764398142 -0.173392832329583 0.127683565249878 -0.044339306767176 0.010606263363882 0.051472905807581 -0.151136788904926 -0.003496807549571 0.022645723136320 0.036088861352342 -0.028613680238695 0.097240973133810 -0.202945909955262 0.102037483468608 -0.070784575916026 0.066895437385358 -0.023989423891878 0.012967736707783 -0.080903264064774 0.102070588566595 -0.096265499801065 0.065071317812324 0.073628672261147 -0.244968669580876 0.520051456929756 -0.155677318556578 -0.003456252347211 -0.061722292293210 0.021638788838937 -0.192892494325662 0.572268584283425 -0.297634891589108 0.181732396109498 -0.026731173634069 0.046475981845246 -0.024131181979292 -0.006511200491956 -0.046583925480231 0.026889169710058 0.049053064096843 -0.009352043715373 0.087692424960334 -0.251719026889411 0.106771269087986 -0.088641077842448 0.049659150522302 -0.034582630860815 0.088459849520664 -0.193264102792276 0.155059802780861 -0.110636397899893 0.013579020945956 -0.021677979147625 -0.035703180256369 0.183076019470823 -0.040910110061404 0.055506182676563 -0.043593861410661 0.047103612646552 -0.123412041246596 0.259044361525391 -0.177108440387112 0.129367067947446 -0.042515176326369 0.008450317101694 0.058463677910319 -0.166033726632430 0.005208168635040 0.016334773488343 0.037293327193097 -0.024658764460270 0.088160764099779 -0.189264904833390 0.098928898697865 -0.068275633190257 0.066861925777464 -0.031614111711477 0.025127885752124 -0.071771574843997 0.094437294621233 -0.098619428318817 0.053465475703166 0.089629290614637 -0.282089053394401 0.423757371958292 -0.110879935240147 0.005916633429148 -0.041336438167697 
0.039733381716091 0.025052753464094 -0.009811839798601 -0.018580692832057 0.012445115824290 0.002580610248252 0.020878788310749 0.061824481445195 0.006126528674841 -0.071228649617966 0.054143700379482 0.022743447071078 -0.054428839457262 0.021182144608006 0.038882789710280 -0.005491489137605 -0.077135677981804 0.057200162155545 -0.020422763258181 0.009463758784241 0.013842628415651 0.012833157271542 0.004365970975492 -0.012907804634769 -0.013584085047952 -0.001273463651184 0.002222332232885 -0.019306715608007 0.106906435488153 -0.011276769084814 0.054861478431100 -0.144658574740500 0.099661116407812 -0.033659038941105 0.337016758441663 -0.158978609434622 0.507061821524387 -0.794004091798790 0.499186536590679 0.090395606548473 0.017946551669535 -0.075218066375676 0.053600772367243 0.023999225725378 -0.054944237624819 0.020278359998824 0.039060401726339 -0.001284327666269 -0.086863765441112 0.065429334020211 -0.018179284394457 0.012152509853602 0.013934700202242 0.012537386904594 0.003474969827117 -0.013685250079615 -0.012105598398204 -0.000713704696110 0.002081622711452 -0.021428932610783 0.072636736817101 0.007432402383157 0.045912179029225 -0.089438973472183 0.098874832384180 -0.010044459256097 0.034945282314029 0.234481615408935 -0.279249032413742 0.260283486682613 -0.209007017730434 0.255693470039553 0.126600604853412 0.040013621355083 -0.015443484238786 0.255098600058415 -0.093287461779724 0.069068419608629 -0.140496511207903 0.005998818666903 -0.022951920128405 -0.041352620320637 0.006513638336175 0.065275118025789 -0.138226773264846 0.029937804783315 -0.031166387126510 -0.106827292514985 0.036991587218843 -0.025175339879887 0.094754693579697 -0.036567304260793 0.055303727370089 -0.067354943024851 0.031477043191591 -0.105678997434208 0.275162927478636 -0.084880358400154 0.085721765136604 0.102800431030169 -0.010556063039686 -0.030482900281293 -0.308786328729227 0.133504959846219 -0.140974789706203 0.153327144146306 -0.072552004808868 0.067675383062100 -0.123429727836164 0.054736145364943 -0.035192741521949 -0.096529200427102 0.029622584267577 0.045873717096244 0.197359032712017 -0.083750678569646 0.086663674340432 -0.115088122479741 0.048956872180961 -0.031741086750049 0.270367053470789 -0.138196882348640 0.107577254185634 -0.058416302851649 0.043223114692659 -0.074990547804309 -0.402680213431742 0.202002475713687 -0.251079118237197 0.426164351838349 -0.263652539361977 -0.049439626245054 0.131417460299136 0.034809504032471 -0.012329466868218 0.234239950249092 -0.095322510089388 0.068044896573938 -0.141423771897036 0.008372383290437 -0.025135274550589 -0.030113120085620 0.007331791468997 0.067269981318446 -0.132456718864194 0.026371443873418 -0.028613568943431 -0.117663605701593 0.039514590105682 -0.032585126323080 0.092029147763937 -0.034487588712192 0.054375868732343 -0.057517542224081 0.029777202177392 -0.104496119706984 0.280354391550237 -0.087413223076292 0.086267741486891 0.100733693382162 -0.011501741239499 -0.027408538049502 -0.317205082108777 0.137638983997102 -0.144168488694696 0.153220152111595 -0.072554860643281 0.069895385318623 -0.113057029801473 0.049491230447654 -0.030238297821348 -0.101701768426717 0.031105243478047 0.041657727918784 0.171954192383095 -0.073504253050313 0.085409027337708 -0.115969643567382 0.054206229024312 -0.034487535168061 0.340115010887241 -0.160529147033758 0.092207235978267 -0.014836621958019 0.009106553396303 -0.070437080616160 -0.475392279156411 0.196353432252166 -0.149030422520195 0.248491037444127 -0.141188503364714 -0.061190560675905 
-0.055233843061434 -0.027090531157533 0.023733983467366 0.040653270384443 -0.003175044679109 -0.002844964236183 0.007943835673296 -0.047818174473764 -0.055173397166641 0.151414832932320 -0.058701575600496 -0.082980829871237 0.101124223703212 0.029471063663531 -0.101498016937555 -0.014301854235456 0.155166595900979 -0.117115797325334 0.003370773962521 0.003833887160833 0.000144067538073 -0.000931139265225 0.007444202742700 0.009590158069921 -0.004089447300379 -0.008707730343870 -0.001569134076509 0.006570911342174 0.075771992359390 -0.041942033345396 -0.023673199728498 0.164266077735959 -0.082234627126324 0.054814548268389 0.149850431402466 0.102882802767430 0.126054404751970 0.456948498850626 0.407068054210277 -0.635368356875265 -0.072686421678758 0.153313724576960 -0.055725223174494 -0.085062958905753 0.100134671569107 0.033029264651497 -0.101081776537366 -0.023194270775843 0.171728793366470 -0.129477909631578 0.004144441504498 0.003629724903823 -0.000130394292871 -0.000345249198479 0.007650140442938 0.009199661200785 -0.005485195835919 -0.006368273831196 -0.004029746068890 0.014673161836363 0.038536197132549 -0.030244731560785 -0.015557160687304 0.121420286917071 -0.031956887348697 0.010222725337969 0.109659846323859 -0.219434999440282 -0.009230455000199 -0.147772761898904 -0.050086653227748 -0.108595252805605 0.187669786696726 -0.007319412384364 0.094235373970353 -0.263019865206566 0.188971782334253 -0.129571540382601 -0.219549389265108 0.103417447859756 -0.043832897052353 0.013569730413668 0.048956485158124 -0.089740604755565 -0.094457986888455 -0.011829294060336 -0.055318830333038 0.104808150830339 -0.056644249242679 0.027919111872711 0.145666139468030 -0.099228938650180 0.027370540902432 0.052335790825825 -0.071373615042852 0.129235897373004 0.182572293422914 -0.035357108521106 0.095139620444140 -0.131595592188889 0.085443805200181 0.000802787025293 -0.278851536337791 0.142172140509923 -0.068941234796263 -0.078005397341541 0.041381011560158 -0.072405518888567 -0.030165323598206 -0.007784466741257 -0.039247601953259 0.103627342021313 0.038059188395593 -0.124781259646423 0.171326372638360 -0.078689838881101 0.031918578000753 0.072090851455688 0.012111439511686 -0.028342351415409 0.076385774877164 -0.029204385967564 0.027986477432303 0.021921276952406 -0.030425789250494 0.063099673659152 -0.188436975563307 0.077216612249214 -0.063474247235107 -0.259196896619078 -0.168795465686935 0.282411630753758 0.198032416391106 -0.012287336585854 0.092240716152821 -0.249854734600505 0.177802480324817 -0.124715348497944 -0.220342734903505 0.104091082301185 -0.042715839381124 0.006019222705428 0.055673467248459 -0.094773816311808 -0.092070537788074 -0.012838718957897 -0.057063899385441 0.114046576357952 -0.065704977054328 0.038141004863257 0.145674697243884 -0.099092171718276 0.030248693607602 0.043749941628608 -0.065220686811522 0.126487200730320 0.186745425429214 -0.037472737585080 0.095371077560529 -0.130880855304724 0.085382246138125 -0.002166391752724 -0.287241157224158 0.146953577103969 -0.072456268099226 -0.075847690436045 0.042000628598891 -0.075759106049750 -0.022761026875737 -0.012399537561237 -0.036726942379353 0.106645996946213 0.034094875369758 -0.118643970389765 0.157774691473239 -0.071120275625878 0.030496956705696 0.072875295035863 0.017108752526134 -0.030750346255674 0.119557678178135 -0.052525489966096 0.030808917833815 -0.008966304792545 -0.060201264964290 0.100340141976860 -0.246146575757816 0.119173189817597 -0.047232751195591 -0.148667994698297 -0.073840955277401 0.163049142320715 
-0.087304472186951 -0.047271935621994 0.038571560799286 0.065625326228751 0.014351912607888 0.003582161171692 -0.007761280868607 -0.068737914705928 -0.061811078240659 0.216149032711918 -0.110550863449254 -0.113590267281499 0.174615564548730 0.014327763970077 -0.157623283635338 -0.008210269954479 0.240871960629679 -0.190878654639794 -0.023302914122874 -0.014432231862506 0.010887628425303 0.024770916563535 0.005359772183933 0.001440767832067 -0.008385521424146 -0.006140920706229 0.008726753754211 0.015503162070265 0.046959680128682 -0.009516347461724 0.050666361196044 -0.063042689698213 0.067306680568431 -0.065043743789733 -0.051057817535717 -0.115087518591787 0.321812869060485 -0.496430337226458 -0.198655137542312 0.792318608756297 -0.088952869564178 0.220901536806426 -0.106346962783964 -0.117391734898020 0.174111240077163 0.019512377972818 -0.157562191606884 -0.022179711891966 0.268638542962803 -0.213043731282400 -0.025574397494434 -0.011907490315248 0.013469260738347 0.024132666911038 0.004273677780827 0.001629354379621 -0.009600519193298 -0.003261981512052 0.005853744628896 0.021530324503769 0.031662495099310 0.001619583590517 0.043002690499110 -0.029296425364019 0.046514693334230 -0.006939237966861 -0.166236356607143 0.480876548151806 -0.257030914888200 0.238133262208413 -0.136252771908364 0.247609678423857 0.009519097915343 -0.008472532773971 -0.034395805411329 0.113887881258620 -0.104214708925232 0.151100067404068 -0.081932614095894 -0.014925759712055 0.004048531848622 -0.058211968494428 -0.066800180083020 0.136432090030644 0.083561160898061 -0.012636245636148 0.025106500530823 -0.047313158565961 0.028949524792465 -0.021397716209300 0.023146135650135 0.033498028908138 0.015686959894229 -0.010208037858868 0.095561088673049 -0.162267916786484 -0.130378133080811 0.016878720430936 -0.004313211005316 0.034683115275249 0.025398132016327 -0.032441284888436 0.069491912571369 -0.072906099270352 -0.024047447758586 0.050516093720442 -0.027581725705951 0.052850775188320 0.078457029735436 0.033994098950709 0.000867991185273 -0.050306222273167 -0.051503864693432 0.135582117625732 -0.035587693385229 0.016964584378027 0.036208019143297 -0.060461315939445 0.003009960414241 0.012484731019936 -0.138601709169153 0.001774372068056 0.041128636119142 -0.039265038779710 0.055020061161181 -0.106742847991644 0.143768282708652 -0.031317201579457 -0.118591616401799 0.253202310115140 0.086425918537961 -0.358250151388807 0.020070725103565 -0.014163292983365 -0.031051123278957 0.100341227438459 -0.105395675192162 0.148202198568397 -0.082410216205198 -0.014215917031071 0.002843907151865 -0.051566643817978 -0.067335103799615 0.140827533519166 0.080178734485590 -0.011032676284834 0.025923363953319 -0.052414907692342 0.034752693146757 -0.034196832969366 0.025289972158878 0.032144874371667 0.015041214771655 -0.005853751664700 0.094199960077717 -0.159712448708738 -0.131208800195558 0.017603934850966 -0.004494808271588 0.033581906389656 0.023721650973694 -0.029095541243882 0.069109002775052 -0.073482647894317 -0.024441760006422 0.050761883559358 -0.029645933361919 0.056984194771090 0.076011112660865 0.036785490105709 0.001688063185854 -0.052047041000085 -0.049017328463420 0.130121856649708 -0.023653206277001 0.007774203809652 0.040146439746296 -0.064639895741973 0.003727680644862 0.013550001660171 -0.167345711341152 0.026448831343194 0.019903881725890 -0.005398776250670 0.064434565079406 -0.147472032658394 0.182858899451201 -0.098027307001643 -0.039103263334430 0.127808034350078 0.058846810162015 -0.222850353496387 
0.044931932403481 0.029342098214517 -0.004251231149096 -0.011475167066536 -0.007438443291794 0.005136313270235 -0.015976349780613 0.033631925363478 -0.000552363967996 -0.064895433558764 0.044324226542042 0.028075763022547 -0.058831616389520 0.002215209387011 0.044910230344273 -0.000023639156704 -0.056219433670069 0.034257052927836 0.017922564468856 0.001591942744419 -0.003615226264204 -0.005650294087268 -0.002216998691855 -0.005253294744032 -0.001853386881042 0.001943653700439 -0.002187376779606 0.000218291171280 -0.013161484764825 0.033824078119737 -0.022188400180710 0.237066734255839 -0.172731832753620 0.033042598249461 0.132985794322344 -0.276294458872571 0.192826633283374 0.810862251121836 -1.197335135522191 1.238938243087157 0.012092006888894 -0.069326009309602 0.044162937022606 0.028895678748849 -0.058603384202552 0.000322443566116 0.045605724028017 0.002898821577637 -0.062141111240741 0.038257644260385 0.016178441889531 0.001205188178032 -0.004618025382414 -0.005445030866272 -0.002116235973723 -0.005280031420223 -0.000952941488799 0.000456157455147 0.000724645124017 -0.007153819305978 -0.013246816819375 0.028892675972572 -0.011924942839605 0.161710681247477 -0.126573406566418 0.062915383952519 -0.232841205722194 0.851016595019056 -0.311009245065624 -0.147260430003380 0.033325288266233 0.222017028747973 0.095925392097527 -0.110184384907667 0.051225548544387 -0.400379169537225 0.230551210417992 0.022337975614426 -0.032147556843916 0.043196878324824 -0.016304244235830 0.008528766040546 -0.086380276001045 0.135461126619865 -0.075352262834097 0.065557824052418 -0.033152433268890 0.156848118800143 -0.114215640886871 0.022015455151739 0.017557398315788 -0.015604699288442 0.017769946832778 0.138343761515477 -0.004519979467997 -0.154138973260081 0.118072775312368 -0.105955895105836 0.077097540358066 -0.142937211221197 0.135289147851538 -0.091852861447883 -0.074048471293374 0.029105184575149 -0.027873300466559 -0.186500813748266 0.096820008097771 0.019188078237536 -0.055661661365475 0.066950124272598 -0.055628144692716 0.126175637237206 -0.199978351278443 0.202256920492541 0.043782847379246 0.007874957436767 0.002928166793109 0.137164108113414 -0.104978208973133 0.050797397075482 0.079013541309139 -0.056114017365319 0.045732289157911 0.053273955578101 0.045760245808193 -0.104681095885948 -0.065537390704033 0.001563119690474 -0.026584559962373 -0.437932015352018 0.613049406972578 -0.582718052765271 0.089428719226580 -0.104619066608638 0.046129311546064 -0.372727031615746 0.209049654506637 0.024162014214034 -0.029278705768684 0.040556299489715 -0.014011657651843 -0.007199355704820 -0.076342613407153 0.138494240762706 -0.074642415266594 0.066112434543644 -0.034733834954340 0.172470315580133 -0.121853815921072 0.013461532919043 0.017584200284073 -0.016826603781555 0.019842959477615 0.125584442587872 0.005340315884499 -0.156064410749157 0.118714484021704 -0.105794517288734 0.077069793588997 -0.141869475267845 0.132618828396302 -0.087801294418370 -0.074889106700613 0.029430403067849 -0.029747066550953 -0.185532860884244 0.092750524934364 0.025292951071893 -0.054415457850695 0.067525561453600 -0.054611748337782 0.132504556625095 -0.200564333364929 0.196205511743580 0.038850898021762 0.007334112726892 0.002586430055514 0.139490061596360 -0.108624095981574 0.055174234743827 0.092070901137229 -0.051842507633053 0.046942346533934 -0.002573114725844 0.119600190221339 -0.174554923188726 -0.063312563763613 -0.058656189400814 -0.000664340352098 -0.242436977836306 0.360045853136385 -0.353802108970930 
0.114003975061694 0.088695147883625 0.017524743830524 0.021089630318339 -0.002224861882744 0.003098193639219 0.015755288369100 0.055731038137278 -0.089934782395151 -0.015937157188453 0.066920899454220 -0.030629550357626 -0.020370127451386 0.064990526196517 -0.046100987079600 -0.034542875319787 0.090727492532124 -0.059091960476996 0.006808194812753 0.008778472786806 -0.001698115980599 -0.004828582979423 0.014552365755192 0.005361186663998 -0.005289784618364 -0.004137988216131 -0.010215923324784 -0.014286657093042 -0.085816768095607 0.168196423196302 0.014794505027317 0.039647906749867 -0.137849935933932 0.086775318139554 -0.232775341974339 0.429310685265413 0.242671261947860 0.345445539946339 -0.264236604955959 -0.104586196010369 -0.062753034239802 -0.033149221219878 0.073107468804092 -0.032339046727017 -0.020683334547276 0.064861582719526 -0.043027777886299 -0.040726090518056 0.098881518620938 -0.064440057621888 0.006884482067799 0.009007268081083 -0.003154437168641 -0.003357845164191 0.014866941376066 0.003819891386111 -0.004705511544047 -0.004695419433289 -0.008700804733291 -0.015819294321052 -0.057715458863968 0.143036703168040 0.025235713501621 0.032285012938780 -0.062070371800769 0.052162925637867 -1.569351177072039 5.361396175092362 -1.807505894699855 0.335621534409389 -0.104728960562514 -0.012533452873620 -0.066860567938480 0.140217141191729 -0.091324561940042 0.032410420886986 0.208717900179574 -0.120736890261974 0.030186573571163 -0.170012003321251 0.059778957948078 -0.023394452972992 0.059797255947390 -0.071398165893155 0.097256246174365 -0.163263940207328 0.060163965089954 -0.044916378143183 -0.077127033941724 0.008620774563605 -0.027153453276195 0.186473862820211 -0.044616983763115 0.049320264151949 -0.132252044223461 0.085900338901180 -0.186131804471287 0.307226874349470 -0.094017539158364 0.090551122449556 0.055933510065214 0.011294253558981 0.169719702911643 -0.461956109458863 0.104382606473180 -0.134242257391247 0.151124768017824 -0.066184981357840 0.087764205845786 -0.020054197233366 0.028901641640616 -0.034545016024086 -0.027452952331369 -0.040703090827758 -0.124186853321512 0.342797713608862 -0.073789331146395 0.077465166177193 -0.083087741995878 0.009325296374979 -0.153343612897536 0.062021311156376 0.000465080289929 0.065104952842852 -0.044525848849225 0.028082387159613 0.292074120592511 -0.575764999401161 0.016600383487629 -0.193597141826833 0.151018374550107 0.036058039278140 -0.082765921743924 0.151402087470732 -0.096216703101418 0.035516546816747 0.187907731877751 -0.117893196120786 0.041168136191961 -0.176638441925203 0.062407154408831 -0.025932165866813 0.071905253569791 -0.075551729524477 0.092222710466603 -0.158738384292770 0.059303318184850 -0.043371242311988 -0.091160869908389 0.015998767498498 -0.026296960482723 0.185485714785245 -0.045130072520044 0.050400115228118 -0.123120774119152 0.083835970574979 -0.188189611728859 0.310128112661676 -0.094667856175141 0.089184285047719 0.056285745379307 0.009721093766828 0.174282875324897 -0.470749204667604 0.106319095850763 -0.136395944701042 0.151211720564584 -0.067874899181880 0.080166191533944 -0.005309505510053 0.026703587477636 -0.031375393231574 -0.033280313479807 -0.037207806928595 -0.107995865432865 0.317439251049207 -0.067550456630815 0.082375808370521 -0.082122194062831 0.009254891348749 -0.199574081052208 0.148267422530721 -0.034904459841414 0.040503904778017 -0.027696904012805 0.033455494308079 0.415645501010934 -0.937881621892449 0.186354821293118 -0.122900824260838 0.097942549198606 0.018707466474657 
-0.042205503275115 -0.032506138002129 -0.004158825512826 -0.004092284422702 0.008071454323164 -0.011036049900518 -0.082598610085106 -0.286819845805300 0.031135576503482 0.017378762421545 -0.036626091505245 0.007342300699267 0.020404617736249 -0.024390524859546 0.005759787870436 0.008071056458503 -0.013471745766349 0.009511031986480 -0.023152042314515 -0.035018675614437 -0.007278313465460 0.034050068719485 0.023517331666021 -0.006186185146257 -0.051830920893332 -0.022057233720045 0.039710140278193 0.076351363049391 0.029405516799721 -0.042473798643883 -0.017583854125146 0.027087810821040 -0.338397008273876 0.057245268324245 0.161501893526963 0.190660227687676 -0.811138964894856 0.244337212966159 -0.955758164408194 0.114146769555739 0.020447635897072 0.023743701097221 -0.038418286579574 0.007492812899598 0.020705494921965 -0.024137738710081 0.004799528447262 0.009041693758579 -0.014171579012603 0.009621235181997 -0.025521205695615 -0.036739759056299 -0.001832123044284 0.035324627669029 0.021028803985784 -0.008070358924256 -0.053059147030365 -0.011492290765831 0.033363818325825 0.085579685226244 0.004779231517109 -0.023478047488570 -0.025781286324329 -0.000992577792398 -0.216308781487302 0.038519331527059 0.401062804944458 -1.199134922827027 0.700553882911576 -0.140358088520592 0.200190986051550 -0.089671467381034 -0.180276892256663 0.122288187503081 -0.103332642923318 -0.036255029637179 0.437570765750302 -0.087225294763783 0.252354337999154 -0.165062656573011 0.073088856952090 0.007085945565494 0.013538101900219 -0.030350325872844 -0.084868028258389 0.059285816757582 0.050280898668219 0.022858919990682 -0.176018695550558 0.039178807800705 -0.147202309454533 0.085578452650480 -0.055242261734614 0.014086878714144 -0.175493277996811 0.062977739104425 0.183218966866953 -0.117546475082192 -0.093017542076154 -0.012884804029690 0.148066806478607 -0.018959618205682 0.058007765684721 -0.032450930672290 0.129696246827147 -0.019740699084164 0.206824754389156 -0.042344172874808 -0.225667348551673 0.155766891101061 -0.000333778442077 0.021799421877259 -0.155612482663391 0.042330970873553 -0.011847748775908 -0.020431978301836 -0.076692332994713 0.013877323725108 -0.153836411117360 0.041055934635092 0.318960559021149 -0.146899807318285 -0.062732659216025 0.002479781249249 -0.045929965369405 0.002691489542812 -0.280788161921075 0.132292990397250 0.240239745051724 -0.084902812472393 0.488990979043159 -0.067280341696074 -0.157109171307358 0.109484940394485 -0.099264597404004 -0.026219744035737 0.400080427381514 -0.080776496054625 0.235616087562352 -0.156735645505685 0.071211802016621 0.003060271353982 0.033315374851604 -0.035231061712110 -0.080146928862031 0.056946673489372 0.051048865627573 0.025869664758486 -0.198034329025018 0.043977482097202 -0.148569036083985 0.086476568274481 -0.057311001293050 0.010978443109503 -0.158259843914635 0.059725550420039 0.185985058972213 -0.119142165242235 -0.091982812356797 -0.011597482618740 0.147361934963269 -0.018709548594746 0.056260837625295 -0.032101529802953 0.133104181572004 -0.019904172995935 0.204161787099404 -0.042232456162548 -0.222719169522255 0.155205672219887 -0.004540220971530 0.022454359602336 -0.163052372876528 0.044842444187993 -0.026101990879761 -0.011216081047825 -0.083572717664708 0.014565904247493 -0.153720572416835 0.037085458675791 0.359811050493554 -0.186891516961163 -0.017077440296325 -0.008695759784671 0.014368247738195 -0.003344809535959 -0.341511912744993 0.268193864784365 0.044512860277682 -0.039359496142377 0.285565539982415 -0.033553053729630 
0.021076090168379 0.019475458032877 0.008493861904486 0.013476011428989 -0.032818274053695 0.028700649392043 0.261654753758691 1.048886302968405 -0.035667213358060 0.029679408460947 0.003464867512294 -0.022143335977013 0.007234239764414 0.021430368003380 -0.027342867894107 -0.015845321438790 0.056529785128009 -0.039507564622571 0.082294495561153 0.109628166012506 -0.006906056199004 -0.140806061566539 -0.047463009923885 0.034665972546084 0.130514374847899 0.054287487214459 -0.120059915433950 -0.270484061671237 -0.049614814136311 0.021006711625231 0.000359872927456 -0.016561328501788 0.023902996459754 -0.043602094948682 0.098095817803891 0.242887589948065 -0.696483097606629 0.172428733582210 -0.022684774602199 -0.129299427935472 -0.031894478784356 0.025414731044843 0.005741458502185 -0.023007213751273 0.007060818236820 0.021724447202734 -0.026117009678100 -0.019474310845312 0.062244782768492 -0.043782963372286 0.090527440227332 0.111595167473245 -0.027308577214789 -0.141228869238562 -0.037334153427913 0.036291029814138 0.135253419997656 0.023074261337251 -0.096137891187028 -0.316254277529856 -0.059582714022796 0.029940219399596 -0.003715693752559 -0.008393189836920 0.009010125188726 -0.033397658195851 0.132040492680471 -0.308183437297762 0.384466184824555 -0.167488892257349 0.218362312690119 -0.461363410117246 -0.126436051206142 0.098808333081320 -0.087904246283080 0.057901442033326 -0.060051178697129 0.060929369286727 0.233072165547601 -0.180028657011948 0.064180180403456 -0.028490033043719 0.016360413561654 -0.030985519332379 -0.085854494351012 0.042576260799822 0.051311452331021 -0.025912265019309 0.034984552318403 -0.032238539946101 -0.121129231606705 0.129322912150565 -0.061637452546946 0.016504031789258 0.011685258297785 0.010996380122823 0.136711915431250 -0.048030681066630 -0.102219665406187 0.044001741332035 -0.044808621605341 0.051524312284381 0.038154872624071 -0.122890446438042 0.141290192143627 -0.042576540987016 -0.003053776773927 0.018574750511927 -0.146649694032928 0.101528872705995 0.014579752788574 -0.018958379581377 0.034463624803553 -0.061388410778190 0.003739196877627 0.032947044310002 -0.085978078847286 0.030695898476920 -0.006420329580229 -0.027148809608454 0.202614757169293 -0.077625018696906 -0.074571103511062 0.046167096074702 -0.055459287117446 0.052867673616378 -0.183499457320967 0.018242104704197 0.219968131195519 -0.032816486793232 -0.029127793575437 0.129643225256457 -0.114436832049993 0.092427319804251 -0.086440957685601 0.054464324729351 -0.052500960334236 0.049874721467009 0.223364947916808 -0.175528680439607 0.063980258744561 -0.027092522310332 0.013244888714394 -0.028011086461358 -0.083542653111200 0.041946879373854 0.051468710789057 -0.026936367110881 0.036834493412886 -0.030560810993315 -0.122100473247480 0.129858910210802 -0.063683530740645 0.018453561037782 0.008271338150653 0.015236771931153 0.139268840241954 -0.049143955673277 -0.101514477382043 0.043286567274378 -0.043470566713674 0.047956533903538 0.036766152764133 -0.124154851192536 0.145241372366062 -0.044090137187503 -0.002035832829121 0.017415018940593 -0.145473607675777 0.103760898340610 0.009861162996354 -0.017851908859710 0.035901093498265 -0.064868701682723 -0.004754589011376 0.036508424423374 -0.090734043118410 0.033840311036308 -0.013330464128680 -0.013829515239825 0.230051627269109 -0.098935672922840 -0.039951175678551 0.035342450404070 -0.046731230013804 0.044294469799720 -0.220179537842688 0.087057159020666 0.068815255832693 0.010699605504797 -0.053234820245484 0.148750547943661 
-0.014863912757616 -0.009677788031676 0.000131788744189 0.001285161296775 -0.025901701438482 0.012611723584252 0.096838028228126 0.401122186094013 -0.000978923117704 0.016604676730685 -0.007690952386498 -0.008123440387134 0.010167555528819 0.002359077513047 -0.008297514988898 -0.000986440760279 0.006437017507861 -0.003479686279439 0.057180697107228 0.047380235841437 -0.003614842730114 -0.058466530328298 -0.014741393244516 0.021781417815012 0.056528424461856 0.014439707594829 -0.061937109422334 -0.099008727634115 0.023998436643980 -0.053476993469695 0.011677122464280 0.012788753936221 -0.252558757533223 0.116609907499711 -0.042976228782379 -0.616859831484904 0.626815263699728 0.056177994247176 -0.630745131770971 0.124367905094040 -0.004761099642873 0.017956288446138 -0.007886589771854 -0.008078170616793 0.009919291355726 0.002854308340637 -0.008532910255751 -0.001242593194406 0.006828974027877 -0.003531063024526 0.058979775757255 0.047466197150269 -0.012157429752980 -0.058214074034521 -0.010557313057709 0.022513708707586 0.057681148465692 0.001172494991054 -0.050370186655834 -0.115690979038815 0.040543256969358 -0.066724238649694 0.022576690941608 0.004232869248723 -0.122457162322791 0.028968122333130 0.283671534053399 -1.201755590640725 0.218948330495577 -0.251142786536949 0.295523797121486 -0.255033644934590 0.301659430702180 -0.338102655970044 0.168513956609065 -0.027016065019044 0.385774416379149 -0.203761041134910 -0.408622682889777 0.381998346471536 -0.141871295811021 0.017200465171582 0.011456979789299 -0.030399957294363 0.058267806386638 0.037837308246253 -0.053648095107324 -0.008947853153783 -0.114527685100438 0.055556357508928 0.241952977837096 -0.248456761949644 0.097954642518527 -0.008080779678955 -0.134629066032096 0.107847629180613 -0.135139333773565 -0.045650699164767 0.080928882919584 0.025482829442084 0.095995259647563 -0.048005934220757 -0.198849505129526 0.357691692147496 -0.199508205232487 0.007197131843225 0.168573513324801 -0.113708615942947 0.252999946702237 -0.159930576200478 0.029799953288541 -0.038990372296272 -0.057707591315228 0.001469837804765 0.095885655021106 -0.184959874590641 0.114564230726702 -0.013134672904700 -0.112540073910122 0.056668569301282 -0.354915616933990 0.142055346292931 0.007240530105431 0.034697983192835 -0.090493628751897 0.066410580149135 0.217426917098654 0.132281688153455 -0.194995485403386 -0.040334151333648 0.325046349460341 -0.049778778443637 0.280830262640916 -0.325403569688696 0.163416948580655 -0.024972304867725 0.346119755683228 -0.181088135842727 -0.391752229272142 0.372960985703523 -0.139434767252079 0.015845085848965 0.032746601333159 -0.043071313030406 0.054497929869755 0.039002385557964 -0.054451910350441 -0.007635594536570 -0.135898824744860 0.071271735990549 0.243584440785781 -0.249572380105285 0.099713354317692 -0.007884560645461 -0.120407783492951 0.099807360278529 -0.137545816380558 -0.045019237697335 0.080646434829564 0.024074875377945 0.096146948653229 -0.050119896980058 -0.199586413924640 0.361981731850841 -0.203553726256233 0.007905210915826 0.167405042400630 -0.113748239127394 0.253303606860001 -0.166646444927292 0.035457902664834 -0.039792368767490 -0.063941572008606 0.006550731329057 0.106360844503767 -0.183142987345552 0.114524447519857 -0.007607225748290 -0.117768877468643 0.060464874410730 -0.383277757926892 0.143122372889723 -0.008168867027678 0.014902935702708 -0.037184418991761 0.046907470956648 0.228531279463176 0.158360160077929 -0.122036423762466 0.017883927359142 0.160775046063099 0.001578282810192 
-0.256310665102968 -0.209256406729041 -0.031341245548321 -0.048262481694942 0.000552533791677 0.013034684486083 0.034403409230838 0.203202665074228 0.258923170531110 -0.047278068207473 -0.139703492713671 0.098519478754684 0.086033270573130 -0.196998571903755 0.096227956491587 0.129443469330074 -0.249062381677928 0.139718950882864 0.010346554330064 0.003393680599667 0.000578601001846 -0.009922626682956 -0.003748275934838 -0.002562912000345 0.016331644623136 0.004001279510254 -0.030727126012475 -0.045203815210980 0.049056481619847 0.014099809845430 0.001705713232937 -0.004585133097243 -0.023877492866587 0.070281855397656 -0.007645781395651 0.106395447548707 0.403595774990457 0.394153748422133 -0.228050653046637 0.282737085987287 0.201352854572790 -0.006172317363618 -0.155236188005209 0.102110794768749 0.087891169231553 -0.195942054591328 0.086341685837825 0.146449004066602 -0.269250432291263 0.151176187756312 0.006680551868486 0.004949666160666 -0.000957245682252 -0.010033247503038 -0.003159947949900 -0.002644046944860 0.018460768927667 -0.002781266206291 -0.022680868908417 -0.058223240326520 0.031037545535785 0.019513460457060 0.001858477570991 0.013561970211062 -0.017275086254271 0.026881979532299 -0.386123942268317 1.383296771286818 -0.608688603471646 -0.165358177083468 0.069689516682483 -0.052216498038320 -0.178124385358738 0.155142554395558 -0.008348824760686 0.085535381164832 0.005115299540301 -0.097714135274559 0.154366160121192 -0.129829162474990 0.017835419680682 -0.057638786697537 0.036563608778319 -0.022315950455365 0.037257427056377 -0.062764326959662 -0.014248421649998 -0.046178774184909 -0.005278410166695 0.025700742818739 -0.122069885885731 0.083143550626333 -0.006191284677638 0.043877633637824 -0.053234268939985 0.052549635663957 -0.016480359299151 0.067114024357441 0.032455446086437 0.084629168146793 -0.012970938026260 -0.028480076107650 0.174651494926402 -0.172738080785577 -0.025572058335256 -0.100814950538065 0.070834497753693 -0.076898760684099 -0.094675359208547 0.034077900133146 -0.019836501091008 -0.012804679015316 -0.019041459155265 0.026181883493166 -0.113586992902250 0.122213223261009 0.015302283961988 0.069573206174412 -0.046623813684241 0.046081451831963 0.156023078862771 -0.063801655479702 0.061442629262535 0.051105015314023 -0.014200522903715 0.023614703574606 -0.039469531232322 -0.083364472392494 -0.131781037716140 -0.168653797810887 0.095888389507702 -0.116996634853130 -0.150328915971521 0.142349412422838 -0.004434426246488 0.077563638864105 0.004966473568372 -0.086221830542871 0.132570540786661 -0.119539881489803 0.014037355230436 -0.054874351020291 0.037259508823540 -0.028193342359531 0.044267238317489 -0.065734763468062 -0.012879391117333 -0.047317713352979 -0.008067163408532 0.033263586780193 -0.123257763641965 0.083844477237488 -0.006225112738694 0.047271509361853 -0.052328784338037 0.047879680793459 -0.017403193116940 0.067764774380437 0.032546389646255 0.081801868559359 -0.011422020732240 -0.029357727403637 0.175560858742464 -0.174176402893647 -0.027466052500516 -0.101919285156395 0.070672929468176 -0.076074042349105 -0.092056123993313 0.034590254996367 -0.016092866864262 -0.011382543561614 -0.020958035664718 0.028641447622269 -0.119614192896441 0.121114030137462 0.014393704476879 0.078507594315767 -0.049226833947348 0.049057174028984 0.157652581863801 -0.045910280345129 0.044019440391199 0.009944778461883 0.006982673782633 -0.000456854173630 -0.010223008725464 -0.186821197058065 -0.023180764382501 -0.038487880250690 0.029906677780262 -0.052040277839233 
-0.070077587045504 -0.053010170446338 -0.009633441400470 -0.013452299522018 -0.001488681341363 -0.013664935732082 0.001549331290289 -0.032097207414172 0.045620323795780 0.012305201763958 -0.038810152688329 0.018471348723123 0.011419844062965 -0.035587921288804 0.025357060862449 0.017673949404459 -0.052667273763372 0.039331520209334 -0.009540447274081 0.005656970566336 -0.003195834203939 -0.006371433285290 -0.005010658915860 0.007495444277471 0.003802666313512 -0.004875385180823 -0.003867752823213 0.007065178770646 0.123299264876334 -0.043070408655274 -0.040291341269595 0.004755039100988 -0.037904325815770 0.085628496520150 -0.439236937401779 1.143412143265984 -1.855070374909872 0.622356236847531 -0.428702746322289 0.404187755206672 0.029162550606357 0.022475948844240 -0.042538307247670 0.019574598312441 0.011509598596010 -0.035418781015326 0.023536936574942 0.021356000459289 -0.057924224451450 0.043153713167245 -0.004410381337413 0.004192501485375 -0.003346938123209 -0.006871863722413 -0.004314022784046 0.008069007630608 0.002521421613518 -0.004241408724477 -0.004877830388479 0.012210273738175 0.112343761181100 -0.026288543635373 -0.069151721393162 -0.000425340614916 -0.036610680312082 0.031823179741510 -0.096320717670701 0.136890990161248 0.602967534186823 -0.185437088832779 0.047791660184760 0.136622509844180 0.172585470748369 0.144718525389573 -0.222947916398180 0.041176187145915 -0.002740390114761 -0.119007673654983 -0.360937084502006 -0.009886142495217 0.110232435903971 -0.017575491815530 0.000177677064523 0.023162392900184 0.104278803524150 -0.134092718699972 0.173225861943985 -0.045314223263670 0.019344750920287 0.064638263484977 0.182830691609478 0.018115448314952 -0.080542521296567 0.021577336984239 -0.003783974120467 0.032033775634029 -0.147326494036118 0.218959064130787 -0.316937325425252 0.096225057389487 -0.032119628202544 -0.075521015363016 -0.083530903057931 -0.181493203511879 0.317424351135051 -0.099300107007759 0.061333067693208 -0.073567121900700 0.157528673233835 -0.081189172740264 0.116475440432889 -0.043944897258233 -0.002917627126426 0.060549737671273 0.026022608348634 0.111823856175966 -0.212936620124213 0.067817161208107 -0.043433120204889 0.054508230841570 -0.247971986504274 0.196651246321841 -0.278913658162545 0.101441030292577 -0.039027221993777 0.011579893727815 0.263666068461539 -0.402341848709180 0.678713055679940 -0.229873212173862 0.182680646443949 -0.201262479759461 0.164694969749856 0.142637970058010 -0.214602475056023 0.044909456747159 -0.003679554016144 -0.100815360552315 -0.349471229238479 -0.012838997097862 0.109312574318247 -0.020139645736965 0.000279112904752 0.016822406863015 0.103248852956456 -0.134048421167584 0.174735138301352 -0.044597365937713 0.019028815521466 0.072960646977326 0.182867694162104 0.019973231559751 -0.085664569097684 0.022001273417395 -0.003280418245739 0.023282777359770 -0.148932795372230 0.219242356542787 -0.315527779061823 0.096883289440077 -0.032224271359126 -0.074507765603022 -0.083351116053475 -0.185469392182229 0.325824768225734 -0.102493071911181 0.061879666632078 -0.071336444951356 0.156738438615188 -0.075184074628481 0.105137862426120 -0.040448318132666 -0.004759662624586 0.063539988144249 0.030306251416295 0.109716880478598 -0.219230088191781 0.070581389617201 -0.045136315843414 0.052610385837017 -0.254878297938824 0.182690608622557 -0.210149935501841 0.077704082198030 -0.018444029171764 -0.008603741311117 0.239375628350161 -0.293696403055599 0.338588782181825 -0.117030804498962 0.104107961332471 -0.141928632922164 
0.080007379821671 0.064054575399474 0.012826552330545 0.019982959715701 0.007695932506877 0.001441103283298 -0.031461889547095 -0.050478603160156 -0.074274828077107 0.004848211047427 0.040882215634444 -0.024999457454752 -0.010962962380723 0.042099966994142 -0.038521719851215 -0.025556529803295 0.085996994699922 -0.058620108946579 -0.012077136054400 -0.008857120154092 0.000066076294739 0.008981897401910 0.006742984485464 -0.000653831180022 -0.009226952933889 0.004711279400237 0.016288055349552 0.018206604705564 0.008154640474249 -0.066646959628249 0.049047142610660 -0.009691419204198 -0.067949473555016 0.329355998216197 0.123332236074863 -0.050814781824932 -0.370284750028175 1.008679428111613 -0.614228187670032 1.083670992163330 -0.055776778910626 -0.007687809540971 0.045714506342938 -0.026533637298229 -0.010965913450790 0.041840183067576 -0.036014122629924 -0.031257660715815 0.094574233178340 -0.064781458399016 -0.014539156189217 -0.007374443568531 0.001120846330582 0.009332327278395 0.005869958131869 -0.000945876219154 -0.008847314531413 0.005992935811063 0.015324884121420 0.014787834269258 0.003648096109519 -0.064421095340315 0.046967495834623 0.007492596467765 0.013155876301408 0.122672781832411 0.403217836106215 -1.306050077050690 0.673145506503463 -0.810891640990704 0.194939613783318 0.320766067447631 -0.066571551651091 -0.003637221210716 -0.060905995213952 0.139838313735407 0.108749403481739 -0.488009742236914 0.138264754852819 -0.001848893899217 0.008139629768013 -0.062706033062096 0.003477587697266 -0.001800237272187 -0.043102813320604 0.011427388152280 0.058715403053004 -0.120732771058775 0.014631300849892 0.158463950102101 -0.085889935811384 0.012131622657022 0.005523848543465 0.038608993539516 -0.044686629682872 0.168544580916439 0.087315622135896 -0.055732861605881 -0.069227787333668 0.206716705805287 -0.051836368828250 -0.142026476366531 0.037940412192332 0.030452454525054 0.048478000272391 -0.176851727299308 0.103365173869993 -0.212528601220550 -0.105214942552752 0.058547013871215 0.030703267305484 -0.081834920331496 0.007381330931727 0.142881238724657 -0.005453928050976 -0.045402087970889 -0.027314783833595 0.120146794726988 -0.082281564902678 0.155283457158543 0.145029171307780 -0.067244309619333 -0.058015821985384 0.178846447161340 -0.089567300331893 0.043895002163386 -0.154184961753825 0.149471594864405 0.094037819427085 -0.390154768795729 0.261190661252214 -0.532915007879844 -0.064197625619470 -0.003870288089240 -0.060862532728735 0.134171110485915 0.080974583457029 -0.426596753418958 0.135843885930612 -0.001525535567119 0.008519133196693 -0.061876082294407 0.016158439562828 -0.027665619806884 -0.043535571917149 0.011440421272438 0.059322541031112 -0.122560312668193 0.005090162110212 0.189390950729489 -0.085919482000919 0.012688946119339 0.003139266123029 0.045377772177125 -0.039375186815427 0.144349102525196 0.088643316746503 -0.056853710395901 -0.067873651940430 0.202464935494739 -0.052599290406952 -0.140276013125813 0.037705195582354 0.031176490594815 0.049960546987654 -0.180918513135108 0.105230876674915 -0.209235798833665 -0.104956003378707 0.056846736123693 0.030091797993295 -0.078625404120474 0.003630187261317 0.152663370475987 -0.010770359473816 -0.037481843999971 -0.036568590170895 0.141009646948095 -0.089524642981278 0.153131022508442 0.163953123348635 -0.098858170644333 -0.018481419346539 0.084524393201496 -0.040176479639042 -0.021734654129650 -0.192915751144262 0.265506631118277 -0.051574920527524 -0.064279705616246 0.104914049647917 -0.352999121802717 
0.009255715814160 0.004079958667268 -0.000586364529333 -0.001603003496096 -0.026016244427702 -0.007634326321638 0.020213089997540 -0.006375895041980 0.010580792170584 -0.019286772612335 -0.003221579802598 0.012475544606926 0.002953448377461 -0.013955394503744 0.001279531087056 0.004754438693213 -0.001296985795492 0.002380191992102 0.040530353869827 0.016182256211880 -0.026002969893143 -0.044009160493483 0.015828642083262 0.039513515349198 0.003288497506971 -0.016453975134075 -0.016795599290409 -0.002519475050052 -0.010469627100578 0.033477047544289 -0.064467060388305 0.076705643413349 -0.146871777100904 0.245280470732438 -0.002223219659731 0.032821262757948 0.622475838598288 -1.737761838133669 0.482194744451907 0.409617438217719 0.013205706164571 -0.019452867917705 -0.003254971532458 0.012168920204021 0.003558067551876 -0.014285965053947 0.001064073876923 0.004837753009721 -0.000902029620687 0.001670605381952 0.042645174550323 0.012297676147489 -0.031256165199666 -0.041119634614390 0.019256796909710 0.038220259021660 -0.000456871178615 -0.014511817676018 -0.018248751795938 0.007288484690177 -0.008701951683418 0.028883364080574 -0.033951916016557 0.013416877369724 -0.049390744840177 0.108147496815958 0.026692211852115 -0.040938006155378 -0.443132598928080 1.294929396618155 -0.674592606508850 0.393044594409388 -0.046567905340147 0.048817536172634 0.194159959215800 -0.324772169376457 0.318096800826562 -0.382342298130158 0.070568603855240 -0.106417976044865 -0.072332253935378 0.099263539193503 -0.066619083167823 -0.000474234514517 -0.007354853590496 0.026997506984754 -0.105778751332485 0.229170980971979 -0.163487312181730 0.180307934421272 -0.043763841896289 0.057900721211793 0.046248820650164 -0.058589554623339 -0.011729983026806 0.132367941537725 0.013380994620760 -0.034990754401783 0.155587468723438 -0.384538936188665 0.245780523094779 -0.201347931006898 0.043734926178573 -0.036592685787526 -0.156220589601919 0.327564877004711 -0.089350088236390 -0.121737551334853 -0.025834440651235 0.048163330096788 -0.042909203552362 0.152908126072475 -0.124262053204910 0.131273504731063 -0.010248293578434 -0.013985293788401 0.104462622612758 -0.219936417387728 0.055666322347032 0.082240052195655 0.034151597515220 -0.041082901758150 0.071726769079158 -0.300153573992267 0.129644099302053 -0.006557169906679 -0.039139239202825 0.070150553924439 -0.232995972343615 0.695545772791155 -0.149463872353123 -0.234276461807267 -0.045554399263304 0.048450907783809 0.184893708558060 -0.306900437750962 0.289087021477174 -0.348313192446127 0.068761463656469 -0.104706589299771 -0.070769911139210 0.096350534820074 -0.056806682953547 -0.012070038213492 -0.007236280977724 0.027351080173032 -0.107365748708785 0.235438111379079 -0.176330886891819 0.203590031970949 -0.043375842471715 0.056422173939066 0.051220492716855 -0.073391869603117 0.003773781749225 0.111907344345915 0.013055815475952 -0.034104621796738 0.152611517912496 -0.376934462556128 0.241423566601787 -0.201526140306696 0.043944165575891 -0.036002030361601 -0.160223344540344 0.336197315558448 -0.095104308420272 -0.115807416256173 -0.025480976645121 0.047117785001906 -0.036606202060224 0.146100172271180 -0.124068224468186 0.138262847402270 -0.010315675393507 -0.016264919781331 0.109912462022549 -0.254443727249904 0.073221967509539 0.074019692095935 0.032193785142872 -0.028040516225654 0.025465364197952 -0.142229338054778 0.074117163446544 -0.023782337122048 -0.029878048360697 0.027083766793718 -0.040738970396903 0.134017459061638 0.057029656189399 -0.210805780616686 
0.008261847381895 0.005361288657130 -0.002284393985373 0.000806799260655 0.003268046581713 -0.007584328653822 0.016462221044212 -0.036102934048334 0.000480421307639 -0.023591089467667 0.012441589847631 0.015005061579727 -0.007195577512479 -0.017440889756996 0.009731708131794 0.014286889730108 -0.011181273069767 -0.001085326084232 -0.012982977993603 0.008971780542552 0.001770329410735 -0.005786557221112 -0.008746997749876 0.000748001629768 0.000542938673844 -0.002660334240518 0.001599916840276 0.001505386636868 0.091360768137990 -0.046802057763236 0.053226990642407 0.008983388685528 -0.016364913285080 0.014992742494991 -0.146130492115559 0.416670149257731 -0.026953822804914 0.224293196619168 0.428169880007224 -0.212375942754657 0.003517381650207 -0.024301603354643 0.012123939317802 0.015075019259649 -0.006669521965189 -0.018048468150107 0.009418654428915 0.015065515460575 -0.011258322423017 -0.001655582411893 -0.008725681538728 0.008923531129922 0.001159358280365 -0.006476047243363 -0.008354443560374 0.001516516511967 -0.000582280004172 -0.000844016830393 -0.001963596375472 0.010435340254525 0.067893902580554 0.019828050595316 0.046779005438096 0.001067190385110 -0.017569740703420 0.037121739007925 2.077241579486441 -7.209147358195104 2.350443172546561 -0.883253624034434 0.059019052710094 -0.042747134731495 -0.122669228729299 0.411807987789509 -0.098645321196237 -0.002294069915655 0.036997401468179 -0.000719354820879 0.120959286371263 -0.624769401610292 0.145127370514236 -0.021766733222115 0.027617156145939 -0.046310042948085 -0.009971511968689 0.230219640736103 -0.073241944303570 0.019837717556784 -0.060912164650155 0.007427499652468 -0.082214366594428 0.312338085111356 -0.074016765539968 0.021579987615620 -0.012865717532784 0.022785881523545 0.056195906983987 -0.408591149989617 0.147446816487887 -0.030874026984294 0.085844749678445 0.015350651188533 0.059240319621750 -0.066862181940324 -0.004634830718177 -0.026281599999496 -0.068045865612881 0.031038722287907 -0.119921073022243 0.512803495598009 -0.168296107363602 0.044724081624527 -0.025725747578932 -0.030932570862718 0.068435704770535 -0.322580493380291 0.117551089996522 -0.015471751778666 0.064257163765612 -0.031212356800308 0.064714154536066 -0.287938359649275 0.098541410557305 0.015344676939348 0.038761554261835 0.011631079696334 -0.187558245303351 0.730796010845790 -0.278961055972739 -0.015134135949387 -0.210571570615316 0.101024080858477 -0.116482391263221 0.386302072627554 -0.097501995980017 0.001682889485035 0.042063252858037 -0.014860205729431 0.120466664860819 -0.613352036271045 0.145226820124843 -0.024102227998102 0.023741786014983 -0.040575083584963 -0.010533755589309 0.228625460875765 -0.074039235897648 0.021167508831658 -0.061117798337624 0.006069071563502 -0.082128108551644 0.311756653655197 -0.073210314112444 0.020957707115635 -0.010502522947262 0.025210390250915 0.056168227602920 -0.410936468409238 0.147819388049871 -0.030874108224757 0.084652928978669 0.014327491089630 0.059066127451788 -0.063334566744854 -0.005965138073433 -0.026623425622438 -0.069413787470267 0.030040983712927 -0.119406104736167 0.510063141719458 -0.166716225803920 0.044666066920226 -0.024074454523382 -0.031674796048880 0.067054019902163 -0.313188569724796 0.113907059279523 -0.010366207668711 0.071093319818598 -0.031024296911199 0.082937094558457 -0.366812160011722 0.122707558303634 -0.009821014699363 0.002125474614710 0.025880906203126 -0.316672605348871 1.191313722057773 -0.414800274098499 0.090535677467878 -0.101690518915545 0.053921618501286 
0.007334938733628 0.007799585837246 -0.001507444463245 0.000344840874811 -0.023399841107423 -0.028384512293081 -0.024574158248177 -0.126022682468085 -0.019156488432418 0.025229715124750 -0.009736339761175 -0.003604807684789 -0.008506628552078 0.015238010780702 -0.000808291141053 -0.022566478800538 0.023425800865716 -0.003729576829029 0.016745117122885 0.015617993567901 -0.012753357863605 -0.017895888555323 0.001272131773805 0.026123141421304 0.000123392784364 -0.019009589498921 -0.007315379124669 0.035598910866628 0.136184986410954 -0.121270479366389 -0.047493829479142 -0.008763774522394 0.024295765066135 -0.001705943725504 -0.065616837532667 0.382772856809694 0.139747445093173 0.620408848832435 -2.514148351056352 0.953566749345965 -0.018640393090752 0.023874638372616 -0.008865931763644 -0.003893622047990 -0.008530371491891 0.014853560910892 0.000396716506714 -0.024289097656236 0.025036524069880 -0.004400608939280 0.026725048674777 0.009545183443215 -0.013827868686127 -0.017158910274290 0.003086700979664 0.025979731527257 -0.003330602967984 -0.015813274175761 -0.009001098760072 0.046124203156278 0.113931746336783 -0.091158871542925 -0.082444087465579 0.023624362446976 -0.097832284867144 0.011680375057437 0.486692674285388 -1.629794612277806 0.431499001461356 -0.614265387456314 1.877486597786243 -0.620347190062740 -0.087639885246753 0.217740146634064 -0.066405364187589 0.092926625531227 -0.329797626666783 0.071587462120877 0.016209945849106 -0.171908461609176 0.126813129214235 -0.074466380837739 0.146039630917031 -0.055124412192615 0.027638683925924 0.011531837374670 -0.057385321817209 -0.027032412033397 0.252631383863999 -0.073608151330379 -0.046460042607187 0.097487048603062 -0.067230793100039 0.035820328177494 -0.095322618330904 0.041728254394417 0.016568125199522 -0.067507608622174 0.095354561562214 0.073204555869093 -0.464836908810009 0.157225240101544 0.059659679446793 -0.081006887889230 0.007536983804327 -0.096410699869359 0.436241138950499 -0.160724100896733 -0.077403467613260 0.143015037458209 -0.096782789232444 -0.024491730972105 0.180905341498814 -0.075653109633214 -0.007750133680951 -0.040961378126115 0.036603702000311 0.047800389044148 -0.276125363302173 0.099613150165037 0.106060755960460 -0.102014566391198 0.088456155486157 0.081627874195655 -0.380846324186943 0.148556964844005 -0.101719656281029 0.157709724238922 -0.139748264471751 -0.224172479219971 0.991287736791526 -0.380751690383933 -0.078705171353958 0.204315893652272 -0.050993582475058 0.081524011274028 -0.291714975021808 0.066434237173887 0.014127340563111 -0.166734992139347 0.120161838678580 -0.071474512578993 0.138193340803219 -0.055697429355916 0.027694376028417 0.010736035966420 -0.055832833263692 -0.028667363767037 0.261524089522628 -0.073246475713127 -0.046741495862245 0.098015397618099 -0.068101990949744 0.040634904233345 -0.118551251050516 0.047468372539564 0.017136934278888 -0.068871026231604 0.097772780346293 0.068891877741820 -0.449087389634719 0.152414881904079 0.059544787604282 -0.079935229711492 0.004592132078588 -0.096961936867233 0.444382471014162 -0.164394931008650 -0.077045218861817 0.142464633545352 -0.095157839558850 -0.024574422431851 0.174719780026782 -0.072385647162078 -0.011259364007476 -0.037647719415174 0.036539757999560 0.064456192670281 -0.336484371385019 0.121811510815081 0.119672340704385 -0.123843780722806 0.088078608549111 0.015707189190826 -0.128764067592099 0.055921355564696 -0.140801225336047 0.269671728574648 -0.128672978049548 -0.018085346786602 0.200342506907991 -0.095608581676061 
-0.021435197029570 -0.016802214128568 -0.000935310223457 -0.002317667441504 -0.139564010719008 -0.005130451067538 -0.158585341339046 -0.606674484757666 0.016870923172510 -0.009124193128952 -0.000686281545864 0.002373488857952 0.010885175865064 -0.013099407682012 -0.000545857867902 0.015300915750018 -0.019184644185722 0.007854186397209 0.249426136255750 -0.003677972832765 -0.095193429424680 -0.081472603604616 0.082247608098114 0.090781115470517 -0.056550083773602 -0.079462527877264 -0.008561864907833 0.170336545726973 0.486195282760099 -0.184775781460095 0.054984560564066 0.020926116947853 0.026286057365145 0.010809925655103 0.216879201811002 -0.226902276357030 -0.228552407752455 0.256408560729398 0.065669205247519 0.463710221040150 0.012792372650231 -0.006373943213215 -0.001867072112079 0.002764920479330 0.010783869272311 -0.012606288698446 -0.001666994578763 0.016758960595048 -0.020834359080000 0.009026930228308 0.237264738053633 -0.024647962467244 -0.104004008720605 -0.068305927415876 0.087165022549177 0.084198386193892 -0.067655712663430 -0.061511341623311 -0.015101157396670 0.207434064448954 0.436694206356976 -0.177063368348960 0.070878708345629 -0.005786448660850 0.054235179394769 0.012318567423485 -0.183218924645060 0.869977600837228 -0.183452988778618 -0.018207113000557 -0.139245740009493 -0.001186261762060 -0.255709938516632 0.002132827264287 0.061909251251821 -0.086383203805190 0.044069884884861 0.000764521739254 -0.112984719107792 0.184544953953432 -0.136556867066473 0.094427209043635 -0.047011916803134 -0.000576527584295 0.246776435037770 -0.135239572139406 0.055988614806088 -0.041453224431395 0.013911471071021 -0.035173534936755 -0.078352701071495 -0.036682541480548 0.063112222463117 -0.049557943818028 0.035790253174548 0.000197578705717 -0.155253438322059 0.116484376646220 -0.085409063584393 0.080954051153040 -0.016363472062350 0.059456078120612 0.239050465083598 -0.064019852607062 0.003624326454271 0.010561679206355 -0.030925287318780 -0.073632637820208 -0.101733731429873 -0.038378555516682 0.080352375230774 -0.072071796650912 0.043240427244437 -0.032226644696492 -0.161331289321329 0.097678232390973 -0.035111345533768 0.016542323817111 0.012171232077463 0.051830454720398 0.313144417941014 -0.080426638745586 -0.080446297042853 0.105301446056417 -0.033323317709199 0.064747825187383 -0.198428038844920 -0.008790225270583 0.141526850877417 -0.138771179820526 -0.026744333294780 -0.186861300465707 -0.228468393202584 -0.004132089035895 0.056648995828697 -0.076370540513525 0.036986068190516 -0.010700730389548 -0.119802562095548 0.185119858912564 -0.134463800221638 0.090869845857904 -0.046904862124538 0.011332301047391 0.247017968757301 -0.135238143492246 0.056155576269953 -0.041227055016514 0.013854890261481 -0.038477349735772 -0.080185816521716 -0.035762743005016 0.062636058624527 -0.049083790077246 0.036551563854164 0.003418304937566 -0.155382477329798 0.117079231527372 -0.086510719807692 0.082266600272545 -0.017330111453710 0.054730620069521 0.240192148373125 -0.064841818855583 0.004779725124179 0.008764324091808 -0.030399270316623 -0.073223180746129 -0.099580451745213 -0.040298512598944 0.083011421341543 -0.074190377270205 0.043536507651482 -0.028132228729412 -0.171249740800110 0.104017472087690 -0.045161817310759 0.026628030153072 0.011352074860783 0.057839578625072 0.332741914540842 -0.086342302707475 -0.058125855722174 0.080540705037719 -0.038393422517848 0.026010353214807 -0.199602893342422 -0.046874703257259 0.087087483734828 -0.070650936549915 0.000781521242338 -0.087430657656721 
